Study,ID,MV1,Mvall,SOI,LeadershipDom,CTS,WordSum,Gender,Age,PlayXViolence_mean,TimeXViolence_mean,PlayXESRB_mean,TimeXESRB_mean,GameMotivation_mean,Height,Weight,Strength,BodyShape,Country,Education,Occu,CurrentIncome,FutureIncome,Sexuality,RelStat,Reltime,Relage,Kids,NumberGirls,NumberBoys,NumberTeenageBoys,TeenageBoys_binary,KidsAge_mean
Mturk1,1,,,,,,0,Male,28,12,,8,,,6,5,5,,USA,5,2,14,15,3,2,,,No,0,0,0,No,
Mturk1,2,2.75,,,,,0,Female,33,11.75,,5.5,,,6,2,,3,USA,4,5,13,14,2,1,3,3,No,0,0,0,No,
Mturk1,3,4.5,,,,,0,Male,27,13,,10,,,4,2,3,,USA,4,4,14,14,3,2,,,No,0,0,0,No,
Mturk1,4,5.75,,25,,,5,Female,36,26.8,,17.4,,,4,5,,5,usa,4,1,15,15,3,1,6,2,Yes,3,2,1,Yes,10.5
Mturk1,5,4.25,,22,5.7,8,9,Female,33,8.2,,10.6,,,5,6,,3,uSA,5,2,17,17,1,1,3,3,No,0,0,0,No,
Mturk1,6,5.25,,25,,,4,Male,19,19.2,,10.2,,,4,5,3,,United States,2,12,13,13,3,1,1,3,No,0,0,0,No,
Mturk1,7,5.75,,25,5,7,6,Male,19,15.8,,9.8,,,4,5,3,,United States,2,12,13,13,3,1,1,3,No,0,0,0,No,
Mturk1,8,5.25,,26,5.1,5,7,Female,33,3,,3.33,,,4,4,,4,USA,4,2,14,14,3,2,,,No,0,0,0,No,
Mturk1,9,5,,37,5.3,5,5,Male,28,22,,14.67,,,5,6,4,,United States,4,4,15,15,3,1,3,5,Yes,0,3,0,No,5.833333333
Mturk1,10,5.25,,53,4.3,5,7,Female,40,16,,9.5,,,2,5,,5,USA,2,5,13,13,2,1,3,1,Yes,2,1,1,Yes,15.83333333
Mturk1,11,6.75,,26,7,12,5,Female,40,41,,26.4,,,4,1,,4,USA,3,5,13,14,2,1,7,5,Yes,0,1,0,No,7.5
Mturk1,12,5.25,,31,3.6,8,8,Male,33,22,,18,,,3,4,4,,USA,4,2,14,14,3,1,6,5,No,0,0,0,No,
Mturk1,13,6,,48,5.5,5,8,Male,35,24.33333333,,13.67,,,4,4,5,,USA,4,12,13,16,3,1,2,3,No,0,0,0,No,
Mturk1,14,3.25,,10,1.9,14,7,Female,38,9.4,,10.5,,,4,5,,5,USA,2,12,13,13,3,1,5,6,No,0,0,0,No,
Mturk1,15,5.5,,39,5.8,9,7,Female,22,16,,6,,,4,4,,4,USA,4,12,13,13,2,4,2,5,No,0,0,0,No,
Mturk1,16,3.75,,42,4.5,24,6,Male,29,17.2,,11.4,,,5,3,5,,United States,2,12,13,14,1,4,3,3,Yes,1,0,0,No,2.5
Mturk1,17,5.5,,24,4.3,5,7,Male,20,6.333333333,,4.67,,,3,4,4,,USA,2,4,13,15,3,2,,,No,0,0,0,No,
Mturk1,18,5.75,,57,7,6,5,Male,37,13.8,,5,,,4,5,7,,usa,2,9,13,15,3,4,3,2,No,0,0,0,No,
Mturk1,19,5.5,,15,5.5,7,6,Female,28,30.2,,21.8,,,4,4,,5,usa,2,3,14,14,3,1,6,7,No,0,0,0,No,
Mturk1,20,6,,45,5,9,7,Male,24,16.4,,10.2,,,4,4,5,,United States of America,5,2,14,14,3,4,2,5,No,0,0,0,No,
Mturk1,21,5,,51,4.7,5,9,Male,23,12.66666667,,8.67,,,5,6,5,,USA,4,12,13,13,3,2,,,No,0,0,0,No,
Mturk1,22,5.25,,27,6.3,8,8,Male,21,26.2,,13.6,,,4,6,6,,United States,2,9,13,15,3,2,,,No,0,0,0,No,
Mturk1,23,4.25,,36,3.8,5,6,Male,22,28.4,,16.75,,,5,5,5,,United States of America,3,5,13,15,3,2,,,No,0,0,0,No,
Mturk1,24,2,,31,4.4,10,8,Female,51,10,,7.67,,,5,7,,1,USA,5,4,13,13,3,1,7,3,No,0,0,0,No,
Mturk1,25,5,,41,5.1,5,4,Male,21,8.8,,7.75,,,4,4,4,,United States,2,12,13,15,3,2,,,No,0,0,0,No,
Mturk1,26,6.25,,32,6.6,6,6,Male,25,22.8,,20,,,6,4,5,,usa,4,4,14,14,3,1,2,4,No,0,0,0,No,
Mturk1,27,4.75,,44,4.3,16,3,Male,28,23,,14.2,,,5,4,5,,usa,2,9,15,15,3,2,,,No,0,0,0,No,
Mturk1,28,5.25,,65,5.7,9,5,Male,38,38.6,,24,,,5,4,6,,US,2,3,13,14,3,3,,,No,0,0,0,No,
Mturk1,29,4.5,,51,1.6,5,7,Female,55,23.2,,14,,,2,6,,5,usa,4,4,13,13,3,2,,,Yes,0,1,0,No,7.5
Mturk1,30,4.5,,22,4.8,5,5,Female,28,21,,12,,,6,1,,4,usa,2,5,14,17,3,1,2,5,Yes,1,0,0,No,2.5
Mturk1,31,4.5,,33,5.9,13,7,Male,28,20.33333333,,16,,,4,4,5,,USA,2,2,15,16,3,1,5,6,Yes,0,0,0,No,13.75
Mturk1,32,6.5,,22,4.6,13,6,Male,26,17.2,,14.25,,,5,2,3,,USA,4,3,14,15,3,1,3,3,No,0,0,0,No,
Mturk1,33,5,,48,5.3,6,5,Male,22,25.5,,,,,7,1,4,,United States,2,4,13,14,3,2,,,No,0,0,0,No,
Mturk1,34,5.75,,27,3.1,9,8,Female,36,21.75,,12.25,,,4,5,,5,usa,4,1,15,15,3,1,6,3,Yes,3,2,1,Yes,10.5
Mturk1,35,4,,27,4.2,5,5,Female,31,21.6,,15.5,,,4,6,,1,United States,2,5,14,14,2,1,5,6,No,0,0,0,No,
Mturk1,36,6,,51,4.6,5,5,Male,23,34,,18,,,4,4,4,,USA,5,2,15,17,3,1,2,4,No,0,0,0,No,
Mturk1,37,4.5,,66,4.9,15,6,Male,25,28.8,,18,,,3,5,2,,USA,2,5,14,15,3,2,,,Yes,0,1,0,No,2.5
Mturk1,38,4.5,,60,2.8,12,6,Female,31,10.5,,,,,3,5,,3,USA,4,5,14,14,2,1,6,4,Yes,0,2,0,No,5
Mturk1,39,2.5,,25,3.9,5,8,Male,24,21.2,,18,,,2,4,5,,USA,2,12,13,15,3,2,,,No,0,0,0,No,
Mturk1,40,2.5,,34,4.4,19,6,Male,30,26,,17.4,,,5,6,6,,America,4,4,14,17,3,3,,,No,0,0,0,No,
Mturk1,41,4,,22,5.3,6,7,Male,21,14,,15.5,,,5,6,5,,United States,3,11,14,13,3,2,,,No,0,0,0,No,
Mturk1,42,6,,38,6.6,7,5,Female,42,30,,15,,,4,4,,5,USA,2,9,13,13,3,1,5,5,Yes,2,0,0,No,10
Mturk1,43,6.75,,16,4.9,5,7,Male,25,19.5,,12,,,4,4,7,,USA,4,2,14,17,3,1,1,4,No,0,0,0,No,
Mturk1,44,4,,50,1.9,5,7,Male,33,16,,8.4,,,3,2,3,,US,4,8,14,15,3,2,,,No,0,0,0,No,
Mturk1,45,6,,52,6,5,4,Male,25,18.2,,15,,,6,5,5,,United States of America,2,11,13,14,3,2,,,No,0,0,0,No,
Mturk1,46,4.75,,27,5.8,6,6,Male,37,13.6,,5.6,,,5,4,4,,USA,4,2,15,16,3,1,5,4,No,0,0,0,No,
Mturk1,47,4,,20,4.9,11,5,Male,23,17.8,,15,,,3,2,2,,United States,2,4,13,14,3,1,3,3,No,0,0,0,No,
Mturk1,48,4.25,,24,7,12,5,Female,37,16.4,,14.2,,,3,4,,4,USA,3,5,14,15,3,1,6,2,Yes,1,2,1,Yes,10.83333333
Mturk1,49,4.25,,57,4.4,11,7,Male,36,28,,16,,,4,4,4,,usa,3,9,15,15,3,1,3,5,No,0,0,0,No,
Mturk1,50,4,,46,5.4,12,7,Male,51,18.66666667,,12,,,4,3,3,,USA,4,4,13,14,3,1,6,5,Yes,0,1,1,Yes,17.5
Mturk1,51,4.25,,44,5.8,7,7,Male,28,29,,17.67,,,4,5,4,,usa,2,12,13,13,3,1,5,4,Yes,1,0,0,No,2.5
Mturk1,52,5.75,,19,5,9,7,Female,28,26.4,,17.6,,,4,3,,2,USA,4,3,17,17,3,1,5,6,No,0,0,0,No,
Mturk1,53,6,,14,4.1,8,3,Female,22,30.33333333,,17,,,4,5,,4,United states,1,12,14,14,3,1,3,5,Yes,1,1,0,No,2.5
Mturk1,54,4.75,,51,3.8,7,7,Male,39,31.5,,17.5,,,4,5,4,,usa,5,1,17,17,3,1,6,3,Yes,0,1,0,No,2.5
Mturk1,55,5,,10,4,6,5,Female,40,7.5,,5,,,4,4,,4,USA,2,12,14,14,3,1,7,4,Yes,0,1,0,No,20
Mturk1,56,5.5,,45,7.3,7,8,Male,27,33.6,,24.25,,,3,3,6,,us,3,5,14,14,2,1,5,4,No,0,0,0,No,
Mturk1,57,3,,21,5,18,7,Male,29,33.6,,20.2,,,4,4,6,,United States,2,10,14,14,3,3,,,No,0,0,0,No,
Mturk1,58,5,,61,5.5,7,9,Female,38,10.66666667,,15,,,2,6,,6,USA,4,1,14,14,2,1,5,4,Yes,1,1,0,No,5
Mturk1,59,4.25,,42,5.1,23,3,Female,36,36,,24,,,4,4,,4,us,2,12,15,16,3,1,6,3,Yes,2,1,1,Yes,12.5
Mturk1,60,5.5,,66,5.8,11,5,Male,35,27,,28,,,6,6,6,,usa,3,2,17,17,3,1,5,6,Yes,1,1,0,No,2.5
Mturk1,61,4,,23,4.2,6,9,Male,35,6.5,,,,,6,4,3,,USA,4,2,16,17,3,1,3,5,No,0,0,0,No,
Mturk1,62,2,,52,6.5,5,8,Female,29,14,,4.5,,,6,6,,2,USA,4,1,15,16,2,2,,,No,0,0,0,No,
Mturk1,63,4,,31,3.5,7,9,Female,29,5,,8,,,3,4,,4,usa,5,2,13,14,3,2,,,No,0,0,0,No,
Mturk1,64,5.25,,32,5,9,7,Female,25,22,,15.33,,,4,3,,6,United States,4,2,15,17,1,1,3,6,No,0,0,0,No,
Mturk1,65,5,,39,3.6,29,2,Male,45,18,,6,,,7,6,5,,United States,2,2,15,14,1,1,5,3,No,0,0,0,No,
Mturk1,66,4.75,,46,5.1,9,8,Male,20,31,,15.33,,,4,2,6,,United States,1,12,13,13,3,2,,,No,0,0,0,No,
Mturk1,67,4.25,,30,4.6,6,6,Male,31,11,,9.5,,,3,4,4,,United States of America,5,2,14,14,3,1,6,5,Yes,1,2,0,No,4.166666667
Mturk1,68,6.25,,42,5.2,13,4,Male,21,22.8,,20,,,5,4,3,,USA,4,9,13,13,3,2,,,No,0,0,0,No,
Mturk1,69,5.5,,19,5.1,5,6,Male,28,16.6,,12.33,,,5,5,5,,United States,4,2,16,16,3,1,2,3,No,0,0,0,No,
Mturk1,70,1.75,,32,5.4,5,6,Female,22,22,,15.2,,,3,6,,6,United States,2,4,13,13,3,2,,,No,0,0,0,No,
Mturk1,71,4.75,,22,4.9,6,5,Female,22,21,,17.5,,,4,4,,4,United States of America,2,2,13,13,3,1,2,6,No,0,0,0,No,
Mturk1,72,3.25,,29,5.2,5,7,Female,41,14.2,,10.2,,,3,5,,3,usa,4,4,13,14,3,2,,,No,0,0,0,No,
Mturk1,73,5.5,,16,6.4,6,9,Female,29,15,,18,,,4,3,,5,usa,4,1,15,15,3,1,5,6,No,0,0,0,No,
Mturk1,74,4.25,,48,1.5,12,8,Male,47,9.8,,5,,,6,4,4,,usa,2,8,14,14,3,4,2,3,No,0,0,0,No,
Mturk1,75,6.5,,50,3.5,5,8,Male,61,22,,9,,,4,5,5,,USA,4,6,14,14,3,1,7,3,Yes,1,0,0,No,20
Mturk1,76,4.5,,47,5.3,11,8,Male,25,15.8,,11.25,,,4,3,4,,USA,2,9,13,14,3,2,,,No,0,0,0,No,
Mturk1,77,5.5,,54,5.5,8,5,Male,20,15.6,,11.4,,,4,3,4,,USA,2,4,13,14,3,2,,,No,0,0,0,No,
Mturk1,78,4.5,,22,4.5,5,2,Female,23,33.33333333,,12,,,4,4,,4,USA,3,4,13,13,2,1,2,5,No,0,0,0,No,
Mturk1,79,6.5,,9,5.8,9,6,Female,44,31.4,,18.4,,,4,4,,4,USA,3,9,14,14,3,1,3,4,Yes,1,2,1,Yes,18.33333333
Mturk1,80,4.75,,44,6.5,7,5,Female,26,38.5,,27.5,,,4,6,,6,usa,2,9,13,13,3,1,3,3,Yes,0,1,0,No,2.5
Mturk1,81,4.5,,17,5.8,7,8,Female,61,10.4,,7,,,6,6,,6,USA,4,2,13,13,2,1,6,2,No,0,0,0,No,
Mturk1,82,4,,22,5.9,12,8,Female,32,24,,5,,,5,6,,4,USA,3,12,13,13,3,1,5,3,Yes,0,2,0,No,2.5
Mturk1,83,6,,43,3.9,7,8,Female,24,11.4,,11.4,,,6,4,,6,USA,4,2,14,14,3,1,3,6,No,0,0,0,No,
Mturk1,84,4.5,,41,3.5,5,7,Male,34,23.4,,16,,,7,4,5,,United States,2,4,14,15,3,1,2,2,Yes,0,1,0,No,7.5
Mturk1,85,4,,42,2.9,6,8,Male,29,15.66666667,,,,,4,4,5,,United States,3,2,14,14,3,2,,,No,0,0,0,No,
Mturk1,86,3.75,,44,5.3,6,8,Male,41,23.6,,14.2,,,4,5,4,,USA,4,2,15,15,3,2,,,No,0,0,0,No,
Mturk1,87,2.75,,55,4.1,9,8,Male,37,14.8,,11.2,,,6,5,5,,United States,4,2,15,16,3,1,6,3,Yes,1,1,1,Yes,12.5
Mturk1,88,6.25,,68,4.3,5,7,Male,44,12,,13,,,3,3,4,,usa,2,14,17,17,3,1,3,3,Yes,0,1,0,No,20
Mturk1,89,6,,19,4.8,5,9,Male,43,31.33333333,,20,,,5,3,5,,USA,5,10,14,16,3,2,,,No,0,0,0,No,
Mturk1,90,4,,37,4,9,5,Male,28,14.6,,9,,,3,3,3,,United States,2,5,15,15,3,2,,,No,0,0,0,No,
Mturk1,91,5.25,,68,6.8,9,7,Male,19,16.8,,12.6,,,6,5,4,,United States,2,12,13,14,3,2,,,No,0,0,0,No,
Mturk1,92,4,,54,5.4,10,9,Male,41,17.33333333,,10.67,,,6,6,4,,usa,5,14,16,16,3,1,3,4,No,0,0,0,No,
Mturk1,93,5.25,,18,3.6,12,6,Female,32,6.2,,4.5,,,4,4,,4,usa,2,12,15,15,3,1,6,5,Yes,3,0,0,No,7.5
Mturk1,94,7,,13,5.5,6,7,Female,34,20,,17.67,,,5,4,,4,USA,4,2,14,14,3,1,6,6,Yes,1,1,0,No,5
Mturk1,95,7,,48,6.6,5,7,Male,33,26,,16.67,,,4,4,6,,United States,5,2,17,17,3,1,5,3,Yes,1,3,0,No,3.75
Mturk1,96,6.25,,19,6.5,10,4,Male,27,28.66666667,,16.67,,,2,4,4,,USA,4,2,14,14,3,1,2,3,No,0,0,0,No,
Mturk1,97,5,,61,5.7,9,5,Male,31,27.8,,17.8,,,4,6,4,,USA,2,4,14,14,3,1,5,4,Yes,2,0,0,No,5
Mturk1,98,5.75,,49,6.8,8,6,Male,25,30,,18,,,4,4,5,,usa,4,2,14,14,3,2,,,No,0,0,0,No,
Mturk1,99,3.75,,45,2.3,7,4,Male,35,23,,19,,,4,5,5,,USA,3,5,14,14,1,1,6,5,Yes,2,1,1,Yes,17.5
Mturk1,100,4.75,,62,5.5,12,5,Male,27,30.8,,19.6,,,4,4,3,,USA,2,4,14,17,3,1,2,3,No,0,0,0,No,
Mturk1,101,6.5,,14,4.3,6,6,Female,26,19,,20,,,5,3,,4,usa,4,11,13,15,1,1,3,4,No,0,0,0,No,
Mturk1,102,6.5,,54,5.8,5,6,Male,45,16.5,,21,,,4,4,4,,usa,4,2,15,15,3,1,3,4,Yes,2,2,0,No,18.75
Mturk1,103,6.25,,18,3.6,5,0,Male,21,28,,21.2,,,5,3,4,,US,2,14,15,16,3,1,2,3,No,0,0,0,No,
Mturk1,104,3.25,,59,5.8,9,8,Male,37,19.2,,14.25,,,5,7,6,,United States,2,5,13,15,3,2,,,No,0,0,0,No,
Mturk1,105,5.25,,53,6,10,5,Female,42,20.6,,13.8,,,2,6,,2,usa,4,5,13,13,3,1,3,3,Yes,1,1,1,Yes,17.5
Mturk1,106,3.25,,35,5.9,7,5,Male,36,4.8,,6.8,,,5,3,2,,USA,5,1,14,14,3,2,,,No,0,0,0,No,
Mturk1,107,6,,24,3.6,9,9,Female,37,33.25,,23.75,,,2,2,,4,United States,2,9,14,15,3,3,,,Yes,0,1,1,Yes,12.5
Mturk1,108,4,,20,3.5,7,6,Male,41,8.8,,11.25,,,6,4,6,,America,2,2,14,14,3,2,,,Yes,0,1,1,Yes,17.5
Mturk1,109,4,,52,2.1,5,8,Male,22,16.8,,12.5,,,5,2,4,,USA,2,4,13,13,3,2,,,No,0,0,0,No,
Mturk1,110,2.75,,50,3.1,6,7,Male,22,16.8,,12.8,,,3,6,2,,United States,4,2,14,15,3,2,,,No,0,0,0,No,
Mturk1,111,4.75,,29,5.4,10,6,Male,26,18,,8.75,,,6,5,4,,USA,4,1,14,15,3,1,3,3,No,0,0,0,No,
Mturk1,112,5.5,,44,4.9,5,8,Male,22,15,,16.5,,,2,2,2,,United States,4,12,13,15,3,2,,,No,0,0,0,No,
Mturk1,113,7,,23,3.3,19,5,Female,33,17,,13,,,4,4,,4,USA,5,1,15,15,3,2,,,No,0,0,0,No,
Mturk1,114,5,,57,3.6,9,8,Male,63,42,,19.2,,,3,5,5,,USA,2,13,14,14,3,3,,,Yes,0,1,0,No,20
Mturk1,115,3.75,,41,5.8,6,6,Female,34,16,,18,,,3,5,,3,USA,2,1,14,14,3,1,5,5,Yes,1,0,0,No,2.5
Mturk1,116,5.25,,19,4.9,11,7,Female,27,13.2,,16,,,4,6,,6,United States of America,4,12,13,13,1,1,3,5,No,0,0,0,No,
Mturk1,117,5.25,,35,6.5,6,7,Male,29,15.5,,10.5,,,4,4,4,,USA,4,1,15,16,3,1,5,4,Yes,1,1,0,No,5
Mturk1,118,4.25,,36,6.4,10,7,Male,27,16.8,,13.6,,,6,5,5,,United States,4,2,13,13,3,1,3,5,No,0,0,0,No,
Mturk1,119,5.75,,51,6.4,9,6,Male,41,6.333333333,,6.5,,,6,5,5,,USA,4,2,17,17,3,1,6,4,Yes,1,1,1,Yes,15
Mturk1,120,5.75,,60,6.9,6,6,Male,38,22,,19.6,,,4,4,7,,United States,3,2,13,15,3,2,,,No,0,0,0,No,
Mturk1,121,3.5,,40,4.1,5,8,Male,28,16.2,,15.67,,,5,6,4,,USA,2,1,14,14,3,1,1,3,No,0,0,0,No,
Mturk1,122,5.5,,24,4.7,5,8,Female,26,6.4,,5,,,4,5,,5,US,4,4,13,14,3,2,,,No,0,0,0,No,
Mturk1,123,3,,54,4.1,6,6,Male,22,8.75,,7.75,,,4,4,6,,USA,2,12,13,13,3,2,,,No,0,0,0,No,
Mturk1,124,6,,46,5.5,26,4,Male,26,4.666666667,,4.67,,,6,4,5,,USA,4,4,13,13,3,2,,,No,0,0,0,No,
Mturk1,125,6.75,,57,5.4,8,6,Male,30,35,,22,,,5,3,6,,USA,3,7,15,17,3,2,,,No,0,0,0,No,
Mturk1,126,3.75,,31,4.9,5,7,Male,30,17.4,,15.67,,,5,4,6,,USA,2,5,14,14,3,2,,,No,0,0,0,No,
Mturk1,127,5,,22,4.3,12,6,Female,47,4.333333333,,4.33,,,5,5,,3,USA,4,1,16,16,3,1,6,4,Yes,2,0,0,No,16.25
Mturk1,128,5.25,,62,4,5,7,Male,29,35,,14,,,5,4,3,,USA,4,3,14,16,3,1,3,7,No,0,0,0,No,
Mturk1,129,5,,25,5.4,6,7,Male,24,17.4,,11.75,,,5,4,5,,United States of America,2,2,13,15,3,2,,,No,0,0,0,No,
Mturk1,130,7,,29,7,9,7,Male,26,8.8,,5.5,,,4,4,4,,Oregon,2,13,13,14,3,3,,,No,0,0,0,No,
Mturk1,131,4.75,,64,6.4,10,5,Male,34,23.8,,10.5,,,7,6,7,,USA,3,2,17,17,3,1,6,3,Yes,0,1,0,No,7.5
Mturk1,132,6.75,,17,3.5,6,7,Female,21,20,,14,,,3,4,,6,United States of America,2,3,14,14,3,1,5,5,No,0,0,0,No,
Mturk1,133,4.5,,48,6,10,4,Female,23,45.5,,24.5,,,5,5,,3,United States,4,2,14,15,2,1,3,5,No,0,0,0,No,
Mturk1,134,4.75,,18,4.5,25,7,Male,22,23.33333333,,12,,,5,5,5,,USA,4,4,14,15,3,1,1,5,No,0,0,0,No,
Mturk1,135,5.75,,59,2,6,7,Male,33,4.6,,7.25,,,4,4,4,,United States,2,5,14,15,3,3,,,Yes,1,0,0,No,7.5
Mturk1,136,7,,33,5,6,6,Male,31,39.2,,25,,,4,4,7,,USA,4,2,15,16,3,1,3,3,No,0,0,0,No,
Mturk1,137,5.25,,27,5.6,8,6,Male,36,13.33333333,,4,,,5,5,4,,United States,2,1,14,14,3,2,,,No,0,0,0,No,
Mturk1,138,3.25,,45,4.7,10,7,Male,32,26,,12.67,,,4,5,4,,United States of America,2,13,13,13,3,3,,,No,0,0,0,No,
Mturk1,139,3.75,,12,5.1,6,6,Male,29,6.8,,7,,,4,6,5,,United States,3,4,14,14,3,1,5,5,Yes,0,3,1,Yes,9.166666667
Mturk1,140,2.25,,35,2.9,5,5,Male,21,17.33333333,,14.67,,,3,4,2,,United States,2,5,13,13,3,2,,,No,0,0,0,No,
Mturk1,141,6.5,,49,6.2,7,5,Male,24,23.33333333,,19.5,,,6,5,7,,USA,4,1,14,16,3,1,2,4,No,0,0,0,No,
Mturk1,142,4.5,,12,4.2,12,8,Female,53,11.25,,9.5,,,4,4,,4,USA,2,1,14,14,3,1,7,4,Yes,1,1,0,No,20
Mturk1,143,5.5,,24,4,7,7,Male,34,25,,18.25,,,5,3,4,,USA,4,5,14,15,3,1,5,3,Yes,1,0,0,No,2.5
Mturk1,144,5,,49,5.9,5,8,Male,28,5.4,,5.8,,,4,6,5,,usa,3,1,13,14,3,2,,,No,0,0,0,No,
Mturk1,145,5.75,,29,5.1,7,8,Male,26,15.2,,14,,,5,4,4,,United States,4,2,14,15,3,1,3,3,No,0,0,0,No,
Mturk1,146,5.25,,31,3.2,9,6,Male,24,11.2,,6.2,,,4,5,4,,usa,4,2,14,15,3,1,5,4,No,0,0,0,No,
Mturk1,147,1.75,,59,1.2,5,5,Male,33,24.4,,17.33,,,4,7,2,,usa,2,12,13,13,3,2,,,No,0,0,0,No,
Mturk1,148,4.75,,30,3.6,8,5,Female,25,28.5,,21.25,,,3,5,,3,USA,2,5,13,14,3,2,,,No,0,0,0,No,
Mturk1,149,5,,46,4,5,7,Male,28,12,,8,,,6,5,5,,USA,5,2,14,15,3,2,,,No,0,0,0,No,
Mturk1,150,4.75,,74,3.2,6,8,Male,28,25.6,,18.4,,,3,5,4,,United States,2,12,13,15,3,4,3,4,No,0,0,0,No,
Mturk1,151,6,,45,4.9,12,8,Female,33,11.8,,13.2,,,5,4,,4,USA,4,2,15,15,3,1,5,3,Yes,0,2,0,No,5
Mturk1,152,5.5,,46,7,35,4,Male,28,10,,4.67,,,4,3,5,,United States,4,11,14,14,3,1,3,2,No,0,0,0,No,
Mturk1,153,5.25,,66,5.3,10,7,Male,32,25.6,,15.2,,,4,5,5,,u.s.a.,3,4,14,14,3,3,,,No,0,0,0,No,
Mturk1,154,4.5,,23,5.2,9,8,Male,34,6.666666667,,4,,,5,5,3,,United States of America,5,2,15,15,3,1,6,3,Yes,0,1,0,No,2.5
Mturk1,155,5.5,,64,7,16,5,Male,26,28,,17.25,,,5,7,4,,usa,4,1,14,15,3,1,5,4,No,0,0,0,No,
Mturk1,156,3.5,,32,4.2,5,7,Male,22,14.8,,10.6,,,1,5,2,,United States,4,4,13,13,3,2,,,No,0,0,0,No,
Mturk1,157,5,,44,4.8,9,6,Male,35,28.2,,18,,,3,5,5,,USA,4,1,15,15,3,1,3,4,Yes,1,0,0,No,2.5
Mturk1,158,5.5,,26,3.2,7,7,Male,23,28,,19.8,,,6,4,5,,United States,4,2,13,14,3,1,3,5,No,0,0,0,No,
Mturk1,159,5.75,,59,5.2,6,7,Male,26,26.6,,15.2,,,5,4,6,,USA,4,5,13,14,3,2,,,No,0,0,0,No,
Mturk1,160,4,,14,5.8,11,7,Female,21,9,,6.5,,,4,4,,4,USA,4,12,13,15,3,1,3,4,No,0,0,0,No,
Mturk1,161,2.5,,39,5.1,9,8,Male,29,30.6,,15.67,,,4,6,4,,USA,2,2,13,14,3,1,3,5,No,0,0,0,No,
Mturk1,162,4.5,,59,5,9,7,Male,48,26.2,,15.8,,,6,6,4,,USA,3,5,14,14,3,1,6,2,Yes,0,4,3,Yes,16.875
Mturk1,163,5.5,,38,3.4,7,6,Male,29,7.2,,6,,,4,4,3,,United States,4,4,14,14,3,2,,,No,0,0,0,No,
Mturk1,164,4,,44,3,10,9,Male,42,28,,17.67,,,5,6,4,,United States,4,2,15,15,3,3,,,No,0,0,0,No,
Mturk1,165,4.5,,40,4.6,8,4,Male,27,14.75,,11,,,4,4,3,,USA,4,8,15,15,3,2,,,No,0,0,0,No,
Mturk1,166,5,,21,5.4,15,8,Male,20,13.2,,5,,,3,4,3,,USA,2,12,13,13,3,1,1,4,No,0,0,0,No,
Mturk1,167,5.25,,27,3.9,5,5,Male,30,10,,9.5,,,6,7,4,,USA,3,1,16,16,3,1,5,3,Yes,0,1,0,No,2.5
Mturk1,168,2.5,,37,5.8,6,8,Male,26,7.8,,9.4,,,6,5,4,,United States of America,4,12,13,13,3,2,,,No,0,0,0,No,
Mturk1,169,4.5,,37,4.5,7,8,Male,28,9.8,,6.2,,,5,4,4,,United States,4,4,14,15,3,1,3,2,No,0,0,0,No,
Mturk1,170,4.25,,13,6,5,5,Female,42,16.75,,5.5,,,4,5,,5,USA,4,2,16,17,3,2,,,No,0,0,0,No,
Mturk1,171,4.25,,47,6.3,18,7,Male,32,9,,,,,5,6,6,,united states,4,11,14,14,2,1,5,4,Yes,1,0,0,No,2.5
Mturk1,172,2.25,,23,1.8,5,8,Male,30,20,,17.5,,,5,4,4,,usa,4,12,13,14,3,2,,,No,0,0,0,No,
Mturk1,173,6,,43,3.8,6,8,Female,24,8,,5,,,5,3,,4,USA,4,12,14,14,3,1,3,5,Yes,0,1,0,No,2.5
Mturk1,174,4.25,,15,5.2,9,6,Female,31,20.4,,13.4,,,3,5,,5,USA,3,5,14,15,3,1,2,1,No,0,0,0,No,
Mturk1,175,6.25,,40,4.1,12,5,Male,31,22.2,,13,,,4,5,4,,USA,2,5,13,14,1,1,2,6,Yes,1,1,0,No,10
Mturk1,176,3.5,,50,3.7,6,8,Male,42,5,,2,,,5,7,7,,USA,5,2,15,15,3,1,6,4,Yes,2,1,0,No,9.166666667
Mturk1,177,4.75,,31,5.1,8,8,Female,29,10,,8,,,4,5,,2,usa,2,4,13,14,2,1,3,3,No,0,0,0,No,
Mturk1,178,5,,26,5.6,8,6,Female,43,8.4,,6.25,,,4,5,,6,USA,4,2,15,16,3,1,5,5,Yes,1,3,3,Yes,13.75
Mturk1,179,4.75,,53,6.1,8,7,Male,26,21.6,,17.8,,,4,5,5,,USA,4,3,14,15,3,2,,,No,0,0,0,No,
Mturk1,180,2.25,,27,4.1,10,8,Female,49,6.4,,6,,,1,7,,1,USA,2,13,13,14,3,1,3,5,Yes,1,1,1,Yes,17.5
Mturk1,181,4.5,,44,3.7,6,8,Male,38,10.5,,6.25,,,3,3,4,,United States,2,12,13,14,3,2,,,No,0,0,0,No,
Mturk1,182,6.25,,44,4.4,6,8,Male,39,20,,11.5,,,5,2,2,,united states,4,2,17,17,3,1,5,3,Yes,0,1,0,No,2.5
Mturk1,183,3.25,,41,3.4,7,9,Male,36,15,,8.25,,,5,6,4,,USA,2,12,13,13,3,1,3,3,Yes,2,0,0,No,15
Mturk1,184,6.75,,41,5.3,7,8,Male,31,11.2,,9,,,5,4,5,,USA,5,1,15,15,3,1,5,4,Yes,1,0,0,No,2.5
Mturk1,185,3.75,,49,4.1,21,2,Male,25,21.2,,13.5,,,5,5,4,,USA,2,1,15,16,3,2,,,No,0,0,0,No,
Mturk1,186,4,,17,5.5,5,9,Male,42,35.8,,17.75,,,6,4,4,,USA,4,1,15,15,3,1,6,4,Yes,4,0,0,No,17.5
Mturk1,187,2.75,,35,6,11,8,Female,33,18,,8,,,5,5,,3,US,4,2,14,15,3,2,,,No,0,0,0,No,
Mturk1,188,4.75,,48,5.8,5,6,Male,32,24.33333333,,14.67,,,4,4,4,,USA,2,3,16,16,3,1,5,3,Yes,1,2,0,No,9.166666667
Mturk1,189,4.25,,9,4.8,6,7,Female,37,10.8,,8.8,,,4,5,,3,United States,2,12,13,13,3,1,7,5,Yes,3,0,0,No,12.5
Mturk1,190,5.25,,18,6.2,5,8,Male,26,8,,7.4,,,3,1,4,,United States,5,3,13,14,3,2,,,No,0,0,0,No,
Mturk1,191,3.5,,38,4.3,6,7,Male,38,16.8,,13.6,,,5,6,4,,United States of America,4,1,14,15,3,1,5,4,Yes,0,1,0,No,2.5
Mturk1,192,6,,52,6.2,9,6,Male,18,22.5,,13.75,,,4,4,4,,USA,2,12,13,16,3,2,,,No,0,0,0,No,
Mturk1,193,3.75,,33,6.4,8,9,Female,28,25.2,,14.2,,,4,6,,2,United States of America,4,12,14,14,2,1,6,4,Yes,1,0,0,No,2.5
Mturk1,194,6.25,,16,5.5,11,7,Female,34,5.4,,6.6,,,4,5,,4,United States,4,1,14,14,3,1,6,4,Yes,1,0,0,No,7.5
Mturk1,195,6,,58,5.4,5,6,Male,29,15,,14.6,,,5,4,5,,USA,4,10,14,14,3,2,,,No,0,0,0,No,
Mturk1,196,4.25,,33,3.6,6,7,Female,32,9.2,,6.2,,,2,5,,3,usa,4,12,13,14,3,1,6,4,Yes,1,1,0,No,7.5
Mturk1,197,4,,57,4.6,7,5,Male,41,6.4,,6,,,4,6,4,,USA,4,4,14,14,3,2,,,No,0,0,0,No,
Mturk1,198,6,,40,3.5,5,5,Male,24,25.33333333,,18,,,4,5,7,,United States,4,3,14,15,3,1,2,5,No,0,0,0,No,
Mturk1,199,5.75,,18,6,9,7,Male,28,27.4,,16.5,,,6,5,5,,US,3,4,14,14,3,1,3,3,No,0,0,0,No,
Mturk1,200,5.75,,34,4.5,19,6,Male,27,10,,8.8,,,5,1,6,,US,2,5,14,16,3,1,5,5,Yes,1,0,0,No,7.5
Mturk1,201,4.75,,34,3.8,6,8,Male,38,21,,12,,,4,5,5,,USA,4,2,15,16,3,1,5,4,Yes,1,1,0,No,2.5
Mturk1,202,5.25,,56,6.5,7,5,Male,37,25,,17,,,4,4,4,,United States,2,13,14,14,2,1,5,4,Yes,1,1,1,Yes,10
Mturk1,203,6.75,,22,6.4,7,6,Male,22,5.333333333,,4.33,,,6,6,6,,USA,4,12,13,16,3,1,1,3,No,0,0,0,No,
Mturk1,204,5.5,,57,5,7,6,Male,24,13,,9.5,,,5,2,4,,United States,4,1,14,17,3,1,2,3,No,0,0,0,No,
Mturk1,205,3,,45,5,6,7,Male,21,12,,9,,,4,4,3,,US,2,12,13,13,3,2,,,No,0,0,0,No,
Mturk1,206,6,,69,4.8,9,6,Male,35,10.4,,5.6,,,3,5,5,,united states,5,1,16,16,3,1,5,2,Yes,0,2,1,Yes,7.5
Mturk1,207,4.75,,41,4.3,7,6,Male,27,14.6,,7.2,,,4,4,3,,USA,4,3,15,17,3,1,5,4,No,0,0,0,No,
Mturk1,208,5.5,,54,6,7,8,Male,40,26.6,,16.6,,,5,6,4,,USA,5,2,15,16,3,1,1,2,Yes,1,0,0,No,12.5
Mturk1,209,5.25,,26,4.4,8,7,Male,49,15,,15,,,5,4,4,,United States of America,4,2,16,16,3,1,7,4,Yes,0,5,2,Yes,15.5
Mturk1,210,5.5,,52,5.4,6,7,Male,28,15.6,,13.5,,,6,2,4,,United States,4,3,14,15,3,4,1,3,No,0,0,0,No,
Mturk1,211,5.25,,76,4.2,10,9,Male,29,27.6,,16.2,,,6,4,5,,USA,4,3,14,15,3,4,1,2,No,0,0,0,No,
Mturk1,212,5.25,,50,3.6,7,7,Female,56,37.8,,21.6,,,4,4,,4,USA,2,7,15,15,3,1,6,4,Yes,1,2,1,Yes,16.66666667
Mturk1,213,4.25,,33,5.9,5,9,Male,22,21,,9.5,,,4,3,4,,United States of America,2,6,14,14,2,2,,,No,0,0,0,No,
Mturk1,214,5.25,,66,6.1,6,8,Male,32,18.2,,12.25,,,4,3,5,,United States,4,4,14,14,2,1,3,3,No,0,0,0,No,
Mturk1,215,4,,44,4.5,8,8,Male,29,6,,5,,,6,4,4,,USA,4,2,14,16,3,1,5,4,Yes,0,1,0,No,2.5
Mturk1,216,5,,32,2.7,9,7,Male,32,25.2,,19.6,,,6,4,4,,USA,4,3,15,15,3,1,5,5,Yes,1,1,0,No,7.5
Mturk1,217,5.5,,49,5.7,5,6,Male,40,17,,11,,,6,5,5,,United States,5,2,15,15,3,1,2,3,No,0,0,0,No,
Mturk1,218,7,,69,6.7,10,7,Male,28,4,,,,,4,2,4,,USA,5,1,13,17,3,1,1,5,No,0,0,0,No,
Mturk1,219,1.25,,43,5.1,12,8,Male,27,24.4,,16.8,,,5,7,6,,United States of America,3,9,13,15,3,1,5,4,No,0,0,0,No,
Mturk1,220,2.5,,49,3.4,10,6,Male,29,35.25,,20.75,,,3,2,2,,usa,4,2,14,14,3,2,,,No,0,0,0,No,
Mturk1,221,5.75,,28,4,9,4,Female,49,11.33333333,,5.67,,,3,4,,3,usa,4,5,14,14,3,1,5,4,No,0,0,0,No,
Mturk1,222,5,,31,6.4,12,6,Female,31,9.333333333,,7,,,7,7,,2,United States,5,2,15,15,3,1,5,5,Yes,1,0,0,No,2.5
Mturk1,223,5.25,,47,6,6,7,Male,27,22.8,,19.5,,,4,4,3,,USA,3,2,13,14,3,2,,,No,0,0,0,No,
Mturk1,224,4.25,,18,5.5,14,8,Female,41,5.8,,12,,,2,5,,6,us of a,5,2,14,14,3,5,,,No,0,0,0,No,
Mturk1,225,4.75,,64,6.1,10,8,Male,44,24.33333333,,7.5,,,4,6,3,,United States,4,2,15,15,3,1,5,1,Yes,0,2,0,No,2.5
Mturk1,226,5.75,,48,4.6,13,4,Male,38,22.2,,12.4,,,5,6,4,,USA,3,3,15,16,3,1,5,4,Yes,1,1,0,No,2.5
Mturk1,227,6,,41,6.9,5,6,Male,23,26,,16.4,,,4,4,6,,usa,2,10,13,14,3,2,,,No,0,0,0,No,
Mturk1,228,5.5,,48,5.9,8,7,Male,29,25.33333333,,17.33,,,4,5,5,,USA,5,2,15,17,3,4,1,3,No,0,0,0,No,
Mturk1,229,4.75,,37,1.7,9,7,Female,20,12.6,,8.67,,,5,5,,3,United States,2,5,13,15,3,1,1,5,No,0,0,0,No,
Mturk1,230,3,,28,2.9,7,9,Male,42,27.2,,21,,,6,4,5,,US,3,3,14,14,3,1,3,2,No,0,0,0,No,
Mturk1,231,3,,32,4.2,5,7,Male,25,12.6,,7.8,,,4,4,2,,USA,4,5,14,15,2,2,,,No,0,0,0,No,
Mturk1,232,5,,53,4.8,7,8,Male,39,7.8,,10.67,,,4,4,4,,USA,4,2,15,16,3,1,6,3,Yes,1,1,1,Yes,10
Mturk1,233,4,,56,3.6,20,5,Female,35,12.8,,16.5,,,4,4,,2,United States,2,11,13,14,3,1,6,5,Yes,1,1,1,Yes,15
Mturk1,234,5.25,,17,5.9,5,5,Male,39,28,,22,,,4,3,4,,united states,4,2,14,14,3,1,1,2,No,0,0,0,No,
Mturk1,235,5,,34,6.3,5,9,Male,30,19.2,,12.8,,,4,4,4,,United States,2,5,15,15,3,2,,,No,0,0,0,No,
Mturk1,236,4.5,,38,2.2,7,7,Male,28,30,,21.6,,,6,4,5,,USA,4,3,14,15,3,1,3,2,No,0,0,0,No,
Mturk1,237,5,,17,4.3,5,7,Female,20,5.5,,6.5,,,4,4,,4,USA,2,12,13,13,3,2,,,No,0,0,0,No,
Mturk1,238,5,,42,5.4,7,8,Male,23,15.8,,9,,,5,5,6,,United States,4,2,13,17,3,1,2,4,No,0,0,0,No,
Mturk1,239,4.75,,28,5.8,9,5,Female,41,9,,13.6,,,1,6,,2,United States,3,3,14,14,3,1,6,5,Yes,1,1,0,No,11.66666667
Mturk1,240,7,,57,6.4,5,7,Male,23,27,,15,,,4,5,5,,USA,2,4,13,16,3,2,,,No,0,0,0,No,
Mturk1,241,4,,63,1,18,6,Male,34,23,,16,,,4,7,4,,United States,2,9,13,13,3,3,,,No,0,0,0,No,
Mturk1,242,6.25,,37,5.2,10,9,Female,33,6.2,,4,,,7,6,,2,USA,5,2,13,14,2,1,6,5,No,0,0,0,No,
Mturk1,243,5.25,,18,1.2,5,8,Female,30,21,,18,,,5,4,,5,USA,4,5,14,14,3,2,,,No,0,0,0,No,
Mturk1,244,5,,69,6.1,10,7,Male,33,30.6,,19.2,,,4,5,4,,USA,4,4,14,14,1,1,5,5,No,0,0,0,No,
Mturk1,245,6,,16,2.4,5,7,Female,24,6.5,,3,,,6,4,,4,USA,4,2,15,16,3,1,2,3,No,0,0,0,No,
Mturk1,246,6.5,,69,4.1,7,7,Male,31,12.4,,8,,,7,4,7,,USA,3,5,14,15,3,1,3,4,No,0,0,0,No,
Mturk1,247,4.75,,42,5.9,9,7,Male,27,35.66666667,,15,,,4,5,4,,USA,2,4,14,14,3,2,,,No,0,0,0,No,
Mturk1,248,5,,27,5.5,5,8,Male,28,21.6,,18.2,,,4,4,4,,United States,2,4,15,15,3,1,5,4,No,0,0,0,No,
Mturk1,249,5.25,,19,2.3,5,5,Female,24,20,,17.6,,,3,4,,4,United States,1,12,13,13,2,1,1,4,Yes,1,0,0,No,2.5
Mturk1,250,6,,53,6.1,5,8,Female,19,6,,4,,,3,5,,6,usa,2,12,13,13,1,4,1,5,No,0,0,0,No,
Mturk1,251,6,,10,5.2,9,6,Female,31,28.8,,15.6,,,4,4,,4,USA,2,9,15,16,3,1,5,5,Yes,2,0,0,No,10
Mturk1,252,3.75,,50,3.5,8,6,Male,27,8.5,,5,,,3,4,4,,U.S.,4,2,15,15,3,2,,,No,0,0,0,No,
Mturk1,253,2.25,,23,1.1,11,6,Male,39,26,,14.5,,,4,7,2,,usa,4,2,14,14,3,1,6,4,No,0,0,0,No,
Mturk1,254,1.25,,28,1,5,4,Male,20,13.8,,17.2,,,3,4,2,,USA,2,12,13,13,3,2,,,No,0,0,0,No,
Mturk1,255,5.5,,34,3.3,13,6,Male,23,22,,18,,,5,6,5,,United States,4,4,15,15,3,4,1,3,No,0,0,0,No,
Mturk1,256,4.5,,18,2.8,5,5,Male,25,18.8,,15,,,4,4,4,,United States,2,12,13,13,3,1,3,4,No,0,0,0,No,
Mturk1,257,4,,44,4.1,5,6,Male,19,32.2,,16,,,6,3,3,,USA,2,5,13,13,3,2,,,No,0,0,0,No,
Mturk1,258,4.25,,44,4.7,6,9,Male,33,39.8,,23.4,,,6,5,6,,USA,3,3,13,14,3,2,,,No,0,0,0,No,
Mturk1,259,5.25,,53,5.2,7,8,Male,28,22,,14.67,,,6,5,4,,USA,4,2,17,17,3,1,2,4,No,0,0,0,No,
Mturk1,260,6.25,,29,6.7,14,5,Female,31,26.25,,14.75,,,4,4,,4,United States,4,5,14,15,3,1,5,6,Yes,1,0,0,No,7.5
Mturk1,261,3.5,,14,5.9,6,8,Female,37,5.6,,7.25,,,5,6,,2,United States,2,8,13,14,3,1,3,4,Yes,1,0,0,No,7.5
Mturk1,262,5.5,,46,5.5,11,3,Male,22,10.33333333,,5.67,,,5,3,4,,US,2,12,13,13,3,4,2,3,No,0,0,0,No,
Mturk1,263,6,,12,1,12,4,Male,23,9.8,,8.4,,,5,1,2,,US,2,12,13,14,3,1,3,6,No,0,0,0,No,
Mturk1,264,5.75,,31,4.5,12,7,Female,36,5,,3.5,,,5,4,,5,US,5,2,15,16,3,1,6,3,Yes,1,2,0,No,4.166666667
Mturk1,265,5,,50,3.8,5,8,Male,24,20.6,,11.8,,,3,4,5,,USA,4,1,15,16,3,1,1,4,No,0,0,0,No,
Mturk1,266,4,,26,5.4,8,8,Male,35,30,,17.6,,,3,5,5,,USA,2,1,16,16,3,1,6,4,Yes,1,0,0,No,2.5
Mturk1,267,7,,51,7,6,8,Male,26,31.4,,18.2,,,4,4,4,,USA,2,12,13,14,3,2,,,No,0,0,0,No,
Mturk1,268,4.5,,17,5.8,6,7,Male,28,15.2,,10.6,,,4,6,5,,USA,4,12,13,13,3,1,5,4,Yes,2,0,0,No,2.5
Mturk1,269,5.75,,13,3,9,6,Female,29,16.66666667,,6.33,,,4,5,,3,United States,4,4,14,14,3,1,5,4,Yes,0,2,0,No,7.5
Mturk1,270,6.25,,38,5.7,20,5,Female,25,6.8,,4.8,,,3,2,,4,USA,4,12,14,14,3,1,3,2,Yes,1,0,0,No,2.5
Mturk1,271,5.5,,75,4.9,5,6,Male,27,31.4,,16.4,,,4,6,4,,USA,2,14,14,15,3,2,,,No,0,0,0,No,
Mturk1,272,6,,21,5.6,7,7,Female,29,10.2,,6.33,,,4,3,,6,USA,4,1,15,15,3,1,3,5,No,0,0,0,No,
Mturk1,273,5,,54,4.1,7,8,Female,42,32.2,,18.4,,,4,4,,4,USA,2,4,14,14,3,1,5,4,Yes,0,2,1,Yes,18.75
Mturk1,274,5,,43,3.3,5,5,Male,25,6.6,,5.5,,,6,5,4,,USA,4,1,14,14,3,1,1,3,No,0,0,0,No,
Mturk1,275,4,,38,5.4,20,7,Female,29,26,,20.5,,,3,2,,5,United States,4,2,13,15,3,1,3,5,No,0,0,0,No,
Mturk1,276,3,,28,3.9,6,7,Male,20,24,,16.6,,,4,4,4,,United States,1,12,13,13,3,2,,,No,0,0,0,No,
Mturk1,277,4,,40,2.4,6,6,Male,31,17.6,,11.75,,,6,5,5,,USA,2,13,14,14,3,1,3,4,No,0,0,0,No,
Mturk1,279,5.5,,25,5.8,7,6,Male,19,18,,9.25,,,4,5,3,,United States,2,12,13,13,3,1,1,3,No,0,0,0,No,
Mturk1,280,4.5,,23,4.2,5,6,Female,34,4.666666667,,6,,,5,5,,3,usa,4,1,15,15,3,2,,,No,0,0,0,No,
Mturk1,281,5.25,,58,3,5,7,Male,33,21.2,,14.4,,,6,4,5,,United States,5,2,14,15,3,2,,,No,0,0,0,No,
Mturk1,282,4,,31,4.7,8,6,Male,25,18,,12,,,5,7,4,,USA,5,2,16,16,3,1,2,3,Yes,1,1,0,No,2.5
Mturk1,283,6,,35,4.4,14,5,Female,31,9.5,,21,,,4,2,,6,USA,2,12,13,13,2,1,6,5,Yes,1,2,1,Yes,9.166666667
Mturk1,284,5.5,,24,3.9,5,6,Male,27,16.8,,14.2,,,5,3,4,,USA,4,1,14,15,3,1,3,4,No,0,0,0,No,
Mturk1,285,5.5,,18,7,18,6,Male,31,5.8,,7.2,,,5,6,4,,usa,4,4,16,17,3,1,3,3,No,0,0,0,No,
Mturk1,286,5,,36,6,5,6,Female,26,20.66666667,,13.67,,,5,4,,3,United States,4,1,14,17,3,2,,,No,0,0,0,No,
Mturk1,287,6,,37,6.7,6,5,Female,28,16.2,,16.33,,,3,2,,6,USA,4,2,16,15,3,2,,,No,0,0,0,No,
Mturk1,288,4.5,,50,3.4,5,6,Male,35,35,,17,,,2,2,3,,usa,4,4,13,13,3,2,,,No,0,0,0,No,
Mturk1,289,5.5,,32,4,11,4,Female,26,19.2,,10.4,,,5,1,,6,United States of America,3,1,15,16,3,1,3,5,Yes,1,0,0,No,7.5
Mturk1,290,4.25,,52,3.5,7,8,Male,38,11,,6.5,,,5,3,5,,usa,4,1,14,14,3,2,,,No,0,0,0,No,
Mturk1,291,6,,14,6.3,5,7,Female,35,15.8,,13.4,,,4,4,,4,United States,3,2,14,15,3,2,,,No,0,0,0,No,
Mturk1,292,5,,40,3.4,8,4,Female,20,9.666666667,,17,,,3,5,,5,USA,2,4,13,13,3,1,2,5,No,0,0,0,No,
Mturk1,293,4.5,,58,5.5,5,9,Male,41,20.66666667,,20,,,6,4,3,,USA,2,4,13,13,3,2,,,No,0,0,0,No,
Mturk1,294,5.75,,53,3.1,8,6,Female,22,28.8,,16.67,,,3,4,,4,United States,3,11,14,14,2,1,3,4,No,0,0,0,No,
Mturk1,295,6.25,,64,5,7,1,Male,28,24.6,,15.4,,,6,4,6,,united states,2,10,13,13,3,3,,,No,0,0,0,No,
Mturk1,296,5,,41,5.1,7,8,Female,30,6,,4,,,4,4,,4,USA,5,5,13,14,1,1,1,2,No,0,0,0,No,
Mturk1,297,6,,36,6.2,9,6,Male,19,37.33333333,,21.33,,,4,3,6,,United States of America,2,12,13,16,3,4,1,4,No,0,0,0,No,
Mturk1,298,3.25,,20,4.5,10,8,Male,45,13.25,,6.33,,,3,6,4,,USA,5,1,17,17,3,1,6,5,No,0,0,0,No,
Mturk1,299,6.75,,27,4.4,6,8,Male,32,23.75,,14.75,,,6,3,6,,United States,2,12,15,15,3,1,5,4,Yes,1,2,0,No,4.166666667
Mturk1,300,3.5,,17,4.4,13,10,Female,41,7.8,,28,,,3,7,,1,USA,4,5,13,13,3,1,2,2,Yes,1,0,0,No,17.5
Mturk1,301,5.25,,34,4.2,10,5,Female,29,4.6,,6,,,4,4,,4,usa,5,12,17,17,3,1,5,5,Yes,0,2,0,No,5
Mturk1,302,6.5,,39,3.7,11,7,Female,22,9,,15,,,4,3,,4,USA,4,3,13,14,3,1,3,5,No,0,0,0,No,
Mturk1,303,4.25,,30,5.8,10,6,Male,26,16,,8,,,5,3,3,,United States,4,9,13,15,2,2,,,No,0,0,0,No,
Mturk1,304,5.75,,40,4.1,8,6,Male,28,9.4,,5.8,,,5,5,6,,USA,4,2,16,17,3,4,1,2,No,0,0,0,No,
Mturk1,305,6,,25,5.6,9,8,Female,29,23,,16,,,4,3,,4,USA,3,2,13,13,3,1,5,5,Yes,0,2,0,No,5
Mturk1,306,6.25,,37,5.4,7,8,Male,37,20,,13.2,,,7,4,5,,USA,5,2,17,17,3,1,3,2,Yes,1,0,0,No,7.5
Mturk1,307,5,,30,3.4,9,5,Female,28,26,,18.5,,,4,4,,4,United States,5,4,13,15,3,1,3,3,No,0,0,0,No,
Mturk1,308,3.25,,15,3.3,6,9,Female,67,6.2,,6,,,4,5,,2,USA,4,2,14,14,3,4,3,4,No,0,0,0,No,
Mturk1,309,3.5,,36,3,14,8,Female,19,10.5,,15,,,3,6,,4,USA,2,12,13,14,2,1,2,4,No,0,0,0,No,
Mturk1,310,6.25,,16,6.5,5,8,Female,25,16.8,,10.6,,,5,3,,6,USA,4,10,14,15,3,1,2,3,No,0,0,0,No,
Mturk1,311,6.75,,54,5.9,12,7,Male,30,23.2,,19.5,,,4,5,5,,United States,4,2,15,17,3,1,5,4,Yes,1,0,0,No,2.5
Mturk1,312,5.5,,17,2.1,21,6,Female,44,10,,5,,,5,3,,3,USA,2,4,13,14,3,3,,,Yes,3,2,0,No,15
Mturk1,313,4,,56,3.8,8,7,Male,33,12.4,,17,,,4,5,4,,usa,2,12,13,14,3,1,5,3,No,0,0,0,No,
Mturk1,314,3,,26,6,6,9,Female,29,17.8,,15.6,,,4,6,,2,United States,2,12,13,13,3,1,3,6,No,0,0,0,No,
Mturk1,315,3.5,,21,1.2,8,7,Female,33,24.4,,21.6,,,5,6,,1,USA,3,5,13,13,3,2,,,No,0,0,0,No,
Mturk1,316,5.25,,63,3.9,8,6,Male,24,3.5,,3.5,,,4,4,6,,USA,4,1,14,15,3,2,,,No,0,0,0,No,
Mturk1,317,4,,28,4.8,11,6,Male,27,5.6,,3.4,,,5,6,5,,United States of America,2,9,13,13,3,1,3,3,No,0,0,0,No,
Mturk1,318,4,,13,3,9,9,Female,34,5.5,,7,,,4,4,,4,United States,4,4,13,13,3,1,6,4,Yes,2,0,0,No,7.5
Mturk1,319,4.75,,49,5.8,7,8,Male,24,31,,18.8,,,4,5,5,,United States of America,3,4,14,15,3,1,1,4,No,0,0,0,No,
Mturk1,320,6,,51,6.8,8,7,Male,22,20.6,,19,,,4,4,4,,United States,2,6,14,14,3,1,2,4,No,0,0,0,No,
Mturk1,321,4.75,,23,5.5,23,5,Female,60,11.6,,17.4,,,2,3,,4,USA,3,5,14,14,3,3,,,Yes,0,1,0,No,20
Mturk1,322,4.5,,26,3.3,9,8,Female,24,12.2,,12.4,,,1,5,,3,United States,2,9,13,13,3,1,5,3,No,0,0,0,No,
Mturk1,323,5,,29,3.8,10,9,Female,56,3.666666667,,2,,,6,6,,3,usa,4,2,17,17,3,1,7,4,Yes,0,2,1,Yes,18.75
Mturk1,324,3.25,,38,3.4,15,8,Male,31,22.2,,16,,,4,5,4,,United States,4,2,15,15,3,1,5,2,No,0,0,0,No,
Mturk1,325,5.75,,44,4.9,13,6,Male,19,16.66666667,,11.67,,,2,4,6,,United States,2,12,13,17,3,1,1,4,No,0,0,0,No,
Mturk1,326,2.75,,27,1.7,5,6,Female,20,9.666666667,,8.33,,,3,4,,4,America,2,12,16,14,2,2,,,No,0,0,0,No,
Mturk1,327,4.5,,12,4.4,7,7,Male,39,11.8,,10.8,,,4,5,5,,United States,5,3,15,15,3,1,3,3,Yes,0,1,0,No,2.5
Mturk1,328,5.5,,46,5,19,5,Female,27,15.5,,10.5,,,2,5,,5,usa,2,4,13,13,3,1,3,4,Yes,1,0,0,No,2.5
Mturk1,329,5.25,,56,5.2,5,8,Male,34,24.6,,20,,,4,5,4,,USA,2,2,16,17,3,1,3,4,No,0,0,0,No,
Mturk1,330,6.75,,9,5.4,5,7,Female,25,12.25,,13.75,,,4,3,,4,Puerto Rico,3,12,13,14,3,1,3,4,No,0,0,0,No,
Mturk1,331,5.75,,54,4.1,9,7,Male,35,18.66666667,,18,,,4,3,3,,USA,4,1,15,16,3,1,3,4,No,0,0,0,No,
Mturk1,332,4.25,,25,4.1,7,9,Female,66,7,,7,,,6,7,,1,USA,5,2,14,14,3,2,,,Yes,1,0,0,No,20
Mturk1,333,6,,13,5.4,9,6,Female,22,18,,7.2,,,7,5,,6,USA,4,12,13,15,3,1,3,4,No,0,0,0,No,
Mturk1,334,4.75,,59,6.2,5,6,Male,27,13,,10,,,4,2,3,,USA,4,4,14,14,3,2,,,No,0,0,0,No,
Mturk1,335,5,,28,3.3,6,6,Male,33,15.2,,12,,,4,4,4,,USA,5,3,13,13,1,2,,,No,0,0,0,No,
Mturk1,336,4,,53,5,11,7,Male,34,24.2,,18.6,,,5,4,5,,USA,3,11,14,14,3,3,,,No,0,0,0,No,
Mturk1,337,4.75,,30,3.1,12,5,Male,29,14.4,,12.4,,,3,4,4,,USA,2,12,14,15,3,1,3,2,Yes,1,0,0,No,2.5
Mturk1,338,6.25,,43,5,5,6,Male,37,24.8,,17.75,,,4,3,4,,US,5,1,14,14,3,4,1,3,No,0,0,0,No,
Mturk1,339,4.75,,46,5.3,5,4,Male,21,15.6,,10.33,,,6,4,6,,United States,2,4,14,14,3,2,,,No,0,0,0,No,
Mturk1,340,5.5,,52,2.4,5,8,Male,41,18,,13.5,,,3,6,5,,usa,3,9,13,14,2,1,2,3,Yes,1,2,2,Yes,16.66666667
Mturk1,341,1.25,,27,2,5,7,Male,28,26,,18,,,4,1,1,,United States of America,2,12,13,13,3,2,,,No,0,0,0,No,
Mturk1,342,5.25,,24,5.2,5,6,Female,26,5,,7,,,6,4,,4,United States,4,1,14,15,3,2,,,No,0,0,0,No,
Mturk1,343,4.25,,60,5.3,10,4,Female,53,5.4,,7.75,,,4,4,,5,United States,4,1,14,14,2,2,,,Yes,0,1,1,Yes,17.5
Mturk1,344,6,,35,1.6,7,8,Female,20,29.2,,22,,,3,5,,5,United States,2,12,17,17,2,2,,,No,0,0,0,No,
Mturk1,345,5.75,,31,4.3,6,6,Male,29,6.8,,12.4,,,4,3,5,,US,5,2,15,17,3,1,3,5,No,0,0,0,No,
Mturk1,346,4.5,,34,5.5,16,6,Female,25,10.33333333,,7,,,4,5,,5,United states,4,12,13,14,2,1,3,6,Yes,1,1,0,No,5
Mturk1,347,4.75,,25,5.6,7,6,Male,41,8.5,,8.5,,,5,6,5,,USA,4,9,14,15,3,1,5,5,No,0,0,0,No,
Mturk1,348,5.25,,46,4.9,6,9,Male,51,10.8,,7,,,6,5,4,,USA,5,2,16,17,3,1,6,2,Yes,2,0,0,No,15
Mturk1,349,6,,30,4.7,5,7,Male,21,11.6,,11.2,,,4,2,5,,United States of America,2,1,17,17,3,2,,,No,0,0,0,No,
Mturk1,350,4.5,,54,2.6,6,5,Male,32,32.8,,18.2,,,4,5,4,,U.S.A,2,9,14,14,3,2,,,No,0,0,0,No,
Mturk1,351,2.25,,31,2.5,10,5,Female,25,12.75,,11,,,3,4,,4,US,1,12,13,13,3,1,5,5,No,0,0,0,No,
Mturk1,352,4,,26,6.4,9,8,Male,40,16.6,,10.4,,,4,5,4,,USA,5,1,17,17,3,1,6,3,Yes,1,1,0,No,7.5
Mturk1,353,6,,18,3.8,10,6,Male,30,14.2,,10.2,,,6,4,5,,USA,4,12,13,13,3,1,3,5,Yes,1,1,0,No,7.5
Mturk1,354,6,,62,7.2,12,6,Male,34,4,,5,,,5,5,5,,USA,4,14,15,15,3,1,6,4,Yes,1,1,0,No,7.5
Mturk1,355,3,,53,3.9,5,5,Male,24,24.33333333,,22,,,4,4,4,,United States,4,11,13,14,3,4,3,2,No,0,0,0,No,
Mturk1,356,5.25,,13,1,19,4,Female,26,24.4,,17,,,6,5,,4,United States of America,2,5,14,15,2,1,6,5,No,0,0,0,No,
Mturk1,357,4,,22,3.2,9,6,Female,26,24,,16,,,4,4,,4,USA,2,12,13,14,3,2,,,Yes,0,1,0,No,2.5
Mturk1,358,5.25,,28,3.5,9,8,Female,30,26,,18,,,4,4,,4,United States,4,3,14,15,3,1,3,6,No,0,0,0,No,
Mturk1,359,5.5,,39,3.8,5,4,Male,29,28.5,,17,,,3,4,4,,US,3,4,13,14,3,1,2,4,No,0,0,0,No,
Mturk1,360,6,,46,3.3,6,8,Male,30,15.4,,12.67,,,7,4,5,,US,2,1,14,14,3,3,,,Yes,1,1,0,No,2.5
Mturk1,361,7,,39,5.3,11,5,Female,28,22.6,,17,,,4,3,,6,USA,5,1,15,16,3,1,3,6,Yes,2,0,0,No,2.5
Mturk1,362,4.25,,63,1.9,8,8,Male,36,15.5,,11.5,,,4,4,4,,USA,4,2,14,14,3,2,,,No,0,0,0,No,
Mturk1,363,5,,40,4.5,33,7,Male,21,12.4,,11,,,4,4,5,,USA,2,2,14,16,3,1,1,3,No,0,0,0,No,
Mturk1,364,4.75,,24,4.6,25,6,Male,32,19.33333333,,10.33,,,4,3,5,,US,4,2,16,16,3,1,3,3,No,0,0,0,No,
Mturk1,365,5,,22,5.3,6,1,Female,23,15.66666667,,11.67,,,3,4,,5,USA,2,8,13,14,3,1,3,5,Yes,2,1,0,No,5.833333333
Mturk1,366,4,,26,4.8,13,6,Female,35,7,,7,,,3,7,,7,USA,2,5,13,14,3,1,6,4,Yes,1,0,0,No,12.5
Mturk1,367,5,,63,5.3,11,7,Male,42,17.2,,13.25,,,5,5,4,,USA,3,3,15,15,3,4,1,3,Yes,3,0,0,No,16.66666667
Mturk1,368,6.5,,24,5.3,9,5,Male,29,21.33333333,,,,,6,5,5,,usa,4,12,13,13,3,1,5,3,Yes,1,0,0,No,2.5
Mturk1,369,5,,43,6.3,6,7,Male,33,10,,5.5,,,4,5,6,,usa,4,1,15,15,3,1,5,3,Yes,1,1,0,No,7.5
Mturk1,370,4.25,,58,5.5,10,8,Male,31,28.4,,15.25,,,6,6,5,,US,2,4,13,15,3,1,5,2,Yes,0,2,0,No,2.5
Mturk1,371,6,,43,6.8,5,6,Male,32,49,,26.6,,,5,4,5,,USA,5,1,15,16,3,1,3,4,No,0,0,0,No,
Mturk1,372,5.75,,31,6.7,9,7,Female,40,27.6,,16,,,5,6,,2,United States,2,1,14,14,3,1,3,2,Yes,1,2,1,Yes,18.33333333
Mturk1,373,6,,13,3.9,10,7,Female,24,7.25,,16.75,,,5,4,,4,usa,2,4,14,15,3,1,6,5,Yes,0,1,0,No,7.5
Mturk1,374,3.75,,15,5.3,18,7,Male,21,24.2,,17,,,5,3,3,,USA,2,2,14,14,3,1,3,5,No,0,0,0,No,
Mturk1,375,3.5,,38,4.4,6,6,Female,34,13,,11,,,3,6,,1,United States,3,5,14,14,3,3,,,Yes,3,0,0,No,7.5
Mturk1,376,4.5,,44,4.2,6,5,Male,35,12,,6.4,,,3,5,3,,USA,4,1,14,14,3,4,2,5,No,0,0,0,No,
Mturk1,377,5,,18,6.7,10,6,Female,27,9.2,,7,,,4,4,,4,USA,3,12,13,13,3,1,3,5,No,0,0,0,No,
Mturk1,378,7,,44,6.9,5,7,Male,26,18.6,,13.5,,,6,5,6,,USA,4,1,16,17,3,1,3,4,Yes,0,1,0,No,2.5
Mturk1,379,5,,20,3.9,5,6,Female,19,4.666666667,,3.5,,,2,4,,4,USA,2,12,13,13,3,2,,,No,0,0,0,No,
Mturk1,380,4.5,,21,5,7,6,Female,28,18.6,,12.2,,,6,7,,2,USA,3,3,14,15,3,1,3,5,No,0,0,0,No,
Mturk1,381,4.25,,40,2.7,6,7,Male,27,24.6,,15.6,,,2,2,4,,United States of America,4,4,15,15,3,2,,,No,0,0,0,No,
Mturk1,382,4,,18,6.5,9,5,Female,36,5.2,,5.67,,,5,5,,4,USA,4,2,14,14,3,1,5,5,Yes,0,1,0,No,2.5
Mturk1,383,4.75,,34,6.7,12,7,Male,34,16.2,,10.2,,,4,5,3,,USA,5,2,15,16,3,1,5,5,Yes,0,1,0,No,2.5
Mturk1,384,4.75,,52,4.1,7,6,Male,19,18.6,,11.8,,,5,6,5,,United States,2,12,13,13,3,2,,,No,0,0,0,No,
Mturk1,385,5.75,,36,4,5,6,Female,29,17.33333333,,10.67,,,3,4,,4,US,4,4,13,14,3,1,2,4,No,0,0,0,No,
Mturk1,386,5.25,,30,5,9,6,Female,24,18.6,,16.6,,,5,6,,4,USA,4,12,13,15,3,2,,,No,0,0,0,No,
Mturk1,387,4,,36,3.8,6,8,Male,30,15.4,,11,,,3,5,3,,US,5,2,13,14,3,2,,,No,0,0,0,No,
Mturk1,388,1.75,,30,1.2,5,9,Male,25,4,,,,,3,2,4,,US,4,5,13,13,3,2,,,No,0,0,0,No,
Mturk1,389,3.75,,41,2.9,5,9,Male,25,10.4,,7.4,,,3,6,2,,USA,2,9,13,15,3,2,,,No,0,0,0,No,
Mturk1,390,5.25,,29,4.2,10,6,Male,31,34.6,,20.2,,,4,6,5,,United States,2,1,13,14,3,1,2,4,Yes,2,2,0,No,2.5
Mturk1,391,7,,68,4.5,5,8,Male,23,16.4,,12.4,,,4,1,7,,USA,4,1,14,17,3,1,1,3,No,0,0,0,No,
Mturk1,392,6.5,,52,5.9,5,6,Male,27,37.33333333,,25.67,,,5,4,7,,The United States of America,5,2,14,17,3,4,1,3,No,0,0,0,No,
Mturk1,393,5.75,,50,7,5,6,Female,21,19,,18.5,,,6,3,,5,USA,2,4,17,17,3,1,1,5,No,0,0,0,No,
Mturk1,394,6,,43,5.5,7,7,Male,32,27,,18.5,,,4,4,4,,us,4,4,14,15,3,1,5,3,Yes,0,1,0,No,2.5
Mturk1,395,4,,31,5.7,10,9,Male,39,20,,12,,,5,2,4,,United States of America,3,1,16,16,3,2,,,No,0,0,0,No,
Mturk1,396,4,,42,4.6,6,6,Female,37,17.6,,6,,,3,4,,4,USA,2,5,14,14,3,1,5,1,Yes,3,1,1,Yes,13.75
Mturk1,397,5.25,,40,5.7,5,6,Female,34,7.2,,5,,,4,5,,3,United States,4,2,13,14,2,1,1,1,No,0,0,0,No,
Mturk1,398,5,,37,4.5,5,7,Male,20,15.4,,12.75,,,6,4,5,,United States,2,12,13,15,3,2,,,No,0,0,0,No,
Mturk1,399,5.75,,40,4.8,6,7,Male,22,18.2,,15.6,,,5,5,5,,United States,4,2,14,14,3,4,2,4,No,0,0,0,No,
Mturk1,400,5.5,,19,3.1,9,5,Female,47,11.75,,3,,,4,4,,3,USA,2,12,13,13,3,1,6,3,Yes,1,0,0,No,7.5
Mturk1,401,5.75,,42,6.7,7,4,Male,27,29,,17,,,6,3,4,,United States,4,9,13,13,3,4,1,5,No,0,0,0,No,
Mturk1,402,6,,51,5.5,6,8,Male,35,25.25,,19.33,,,4,4,7,,United States,4,2,16,17,3,1,6,4,Yes,0,2,0,No,7.5
Mturk1,403,6.75,,11,5.8,23,5,Female,29,15.2,,8,,,1,4,,5,united states,5,9,14,15,3,1,2,5,Yes,0,1,0,No,7.5
Mturk1,404,5.5,,34,4.5,6,7,Male,28,25,,16,,,4,4,7,,United States,4,2,15,15,3,1,5,3,No,0,0,0,No,
Mturk1,405,5.25,,48,3.9,10,9,Male,38,31.33333333,,20,,,4,6,4,,USA,4,2,17,17,3,1,5,3,Yes,0,2,0,No,5
Mturk1,406,5,,35,5.6,13,8,Male,32,12.5,,7,,,5,5,4,,United States,4,2,15,15,3,1,6,3,Yes,1,2,0,No,9.166666667
Mturk1,407,5.25,,52,4.9,9,8,Male,38,17.2,,11.6,,,5,5,4,,usa,3,3,14,14,3,4,1,3,No,0,0,0,No,
Mturk1,408,4.75,,27,3.8,13,5,Female,26,3,,9,,,4,6,,5,united states,2,12,13,13,2,1,5,4,Yes,1,0,0,No,2.5
Mturk1,409,4.75,,65,5.2,19,5,Male,33,20.8,,15.25,,,5,6,4,,USA,4,3,14,14,3,1,3,5,No,0,0,0,No,
Mturk1,410,4,,24,4.8,5,8,Male,18,15.6,,10.75,,,4,4,4,,United States,2,12,13,13,3,2,,,No,0,0,0,No,
Mturk1,411,2.25,,30,3.9,5,6,Male,22,24.6,,17.25,,,5,5,4,,United States,2,12,13,13,3,2,,,No,0,0,0,No,
Mturk1,412,5.5,,27,4.5,10,6,Female,37,7.333333333,,5.5,,,4,5,,5,United States,3,5,13,15,3,1,6,4,Yes,1,0,0,No,17.5
Mturk1,413,2.5,,48,4.3,8,8,Male,24,7.4,,13.6,,,4,4,5,,USA,4,2,14,14,3,2,,,No,0,0,0,No,
Mturk1,414,5.75,,19,6.8,5,7,Male,22,19.5,,12.5,,,3,3,5,,United States,4,1,15,16,3,2,,,No,0,0,0,No,
Mturk1,415,1.25,,23,1,5,4,Male,24,19.2,,16.2,,,4,7,1,,USA,2,12,13,13,3,2,,,No,0,0,0,No,
Mturk1,416,6.75,,18,4.4,6,8,Male,28,25.2,,20.2,,,6,5,7,,USA,4,2,14,14,3,2,,,No,0,0,0,No,
Mturk1,417,5.75,,64,6.5,8,7,Male,21,18,,12.5,,,6,6,7,,United States,2,4,13,15,3,2,,,No,0,0,0,No,
Mturk1,418,2,,37,2.8,10,7,Female,21,5.2,,5,,,3,7,,1,USA,2,4,13,13,3,1,3,5,No,0,0,0,No,
Mturk1,419,5.25,,47,5.5,6,8,Male,20,7.8,,7.6,,,7,4,4,,USA,2,4,13,16,3,1,3,4,No,0,0,0,No,
Mturk1,420,4,,19,6.7,5,9,Female,63,5.8,,5.67,,,5,5,,2,usa,4,2,13,14,3,2,,,Yes,0,1,0,No,20
Mturk1,421,1.75,,15,3.3,5,9,Male,30,7.8,,8.25,,,4,4,3,,United States of America,4,12,13,13,3,5,,,No,0,0,0,No,
Mturk1,422,5.25,,33,2.8,8,8,Female,37,27.6,,21,,,3,2,,5,USA,4,1,16,16,3,1,5,4,Yes,1,0,0,No,7.5
Mturk1,423,5.25,,19,5.6,6,8,Male,23,17.2,,11,,,6,5,4,,US,4,2,15,16,3,1,3,3,No,0,0,0,No,
Mturk1,424,5,,50,3.8,5,9,Male,25,22.2,,11.2,,,5,4,4,,USA,4,12,13,14,3,2,,,No,0,0,0,No,
Mturk1,425,6.5,,29,4.4,7,5,Male,56,7,,7,,,4,4,7,,USA,2,12,13,14,3,3,,,Yes,2,3,0,No,20
Mturk1,426,5.75,,64,6.5,7,7,Male,30,18,,12,,,4,6,3,,USA,2,1,14,15,3,1,3,3,No,0,0,0,No,
Mturk1,427,4.5,,19,5.4,9,6,Male,27,27,,15.2,,,4,6,5,,USA,2,4,14,13,3,1,5,5,No,0,0,0,No,
Mturk1,428,5.25,,71,6.4,12,5,Male,44,34,,20,,,3,4,4,,usa,3,1,16,16,3,1,5,2,Yes,0,1,0,No,2.5
Mturk1,429,6.25,,47,6.3,5,7,Male,31,24.33333333,,16.33,,,4,4,6,,USA,2,5,14,14,3,1,3,2,No,0,0,0,No,
Mturk1,430,5.25,,20,6,8,8,Female,50,29.8,,21.4,,,4,5,,4,USA,4,1,15,15,3,1,5,5,Yes,1,2,1,Yes,19.16666667
Mturk1,431,5.75,,36,5.6,6,8,Male,26,21.2,,12.4,,,5,4,4,,USA,2,1,13,17,3,2,,,No,0,0,0,No,
Mturk1,432,3.5,,52,2.4,5,9,Male,40,18.5,,21,,,4,3,3,,USA,4,2,15,16,3,1,6,5,Yes,0,4,2,Yes,10
Mturk1,433,4.5,,23,5.3,7,6,Male,48,7,,8.67,,,4,5,4,,USA,3,12,13,13,3,2,,,Yes,2,1,0,No,20
Mturk1,434,5,,57,3.3,6,6,Male,23,14,,20,,,4,4,5,,usa,4,12,13,14,3,2,,,No,0,0,0,No,
Mturk1,435,5,,47,6,9,8,Male,36,16.8,,11.75,,,4,5,5,,USA,2,2,14,15,3,1,6,3,Yes,0,2,0,No,5
Mturk1,436,5.5,,37,3.5,9,5,Female,24,11,,12.2,,,4,4,,4,United States,3,12,13,14,3,1,3,4,Yes,1,0,0,No,2.5
Mturk1,437,6.25,,46,6.7,8,7,Male,26,15.8,,13.2,,,4,3,4,,United States,5,2,14,14,1,1,2,3,No,0,0,0,No,
Mturk1,438,6.25,,31,6.1,10,4,Male,26,21,,21,,,3,3,5,,United States,2,3,14,14,3,1,3,3,Yes,1,0,0,No,2.5
Mturk1,439,5,,26,3.8,6,7,Male,23,15.66666667,,11,,,3,3,4,,USA,4,5,14,14,3,2,,,No,0,0,0,No,
Mturk1,440,5.25,,35,7.1,9,6,Female,21,27.33333333,,16,,,2,4,,5,usa,2,1,15,17,3,1,3,5,No,0,0,0,No,
Mturk1,441,6.25,,43,2.9,5,7,Male,34,10,,,,,6,4,5,,United States of America,2,2,13,15,3,1,2,1,No,0,0,0,No,
Mturk1,442,5.5,,13,5.9,9,7,Female,25,10.66666667,,9.33,,,4,3,,6,USA,4,2,14,14,3,1,5,4,No,0,0,0,No,
Mturk1,443,5,,28,2.1,9,6,Female,23,25.8,,13,,,6,4,,4,USA,2,12,13,13,2,1,2,5,No,0,0,0,No,
Mturk1,444,6.25,,20,6.1,7,7,Female,28,20,,13.6,,,6,5,,5,United States,2,9,14,15,3,1,3,3,No,0,0,0,No,
Mturk1,445,5,,48,3.8,12,6,Male,23,17.2,,15.2,,,4,5,4,,USA,4,2,14,17,3,1,2,4,No,0,0,0,No,
Mturk1,446,5.75,,19,5.1,7,8,Female,22,20.8,,10.6,,,4,3,,6,United States,4,2,14,16,2,1,2,3,No,0,0,0,No,
Mturk1,447,5.5,,31,4.1,7,8,Male,29,25,,20,,,7,6,4,,USA,2,1,14,14,3,1,1,4,No,0,0,0,No,
Mturk1,448,1.75,,39,1,5,5,Male,35,35,,23.67,,,2,3,4,,USA,2,4,13,13,3,2,,,No,0,0,0,No,
Mturk1,449,4.25,,38,4.5,10,5,Female,26,7.2,,6.2,,,4,5,,3,usa,2,5,14,15,3,2,,,Yes,1,1,0,No,7.5
Mturk1,450,6,,30,2.3,7,8,Male,47,8.5,,9.33,,,5,3,4,,USA,4,1,16,16,3,1,7,4,Yes,0,1,1,Yes,17.5
Mturk1,451,5.5,,19,3.7,7,6,Female,27,6,,6,,,4,4,,4,USA,3,9,13,13,2,1,5,3,No,0,0,0,No,
Mturk1,452,4,,46,4.4,7,5,Male,29,16.4,,11.5,,,5,5,5,,united states of america,4,2,14,14,3,2,,,No,0,0,0,No,
Mturk1,453,6,,40,3,9,5,Female,39,30,,18.6,,,4,5,,5,united states,2,14,15,15,3,1,3,3,No,0,0,0,No,
Mturk1,454,1.25,,60,3,6,9,Male,22,22.25,,11,,,3,4,3,,USA,2,5,15,15,3,2,,,No,0,0,0,No,
Mturk1,455,5,,50,3.2,9,7,Male,38,11.33333333,,4,,,4,5,4,,usa,4,1,13,13,3,1,5,2,No,0,0,0,No,
Mturk1,456,4.75,,37,4.8,6,9,Male,31,36.4,,21,,,7,7,6,,usa,2,12,13,13,3,2,,,Yes,0,1,0,No,7.5
Mturk1,457,3.75,,50,2.7,6,6,Male,26,18.2,,7.6,,,4,5,4,,USA,4,5,14,14,3,2,,,No,0,0,0,No,
Mturk1,458,5.25,,33,6.1,5,6,Female,21,13.6,,10.4,,,6,7,,3,United States,3,12,13,13,3,1,2,5,No,0,0,0,No,
Mturk1,459,6,,50,3.9,5,9,Male,28,21.6,,14,,,4,5,5,,USA,4,2,16,17,3,1,3,5,No,0,0,0,No,
Mturk1,460,4.25,,33,5.6,5,5,Male,27,9.2,,7,,,4,4,5,,USA,4,9,14,14,3,2,,,No,0,0,0,No,
Mturk1,461,6,,25,6.8,5,4,Female,23,21.6,,17.8,,,3,4,,4,United States,4,9,13,14,3,1,5,5,No,0,0,0,No,
Mturk1,462,6,,36,3.4,9,5,Male,31,18,,7.5,,,7,5,4,,usa,2,5,14,14,3,1,6,4,No,0,0,0,No,
Mturk1,463,5.5,,13,5.7,8,6,Female,41,42,,24,,,4,4,,4,united states of america,4,3,14,14,3,1,6,4,Yes,0,2,2,Yes,15
Mturk1,464,5,,41,4.5,7,6,Male,31,14.5,,12,,,4,4,4,,USA,4,4,14,14,3,1,3,3,No,0,0,0,No,
Mturk1,465,6.5,,53,4.9,8,6,Male,27,17.8,,10.6,,,6,6,7,,United States,4,1,14,16,3,2,,,No,0,0,0,No,
Mturk1,466,4.75,,36,5.4,17,8,Male,37,24,,12.5,,,4,5,3,,USA,4,3,14,15,3,4,3,3,No,0,0,0,No,
Mturk1,467,6.25,,15,5.2,16,7,Female,28,18,,12,,,1,1,,6,USA,3,12,15,15,3,1,3,4,Yes,1,0,0,No,2.5
Mturk1,468,5,,34,5.1,6,7,Male,37,19.2,,15.75,,,4,5,5,,USA,2,3,15,15,3,1,5,2,Yes,1,0,0,No,2.5
Mturk1,469,4,,55,3.9,9,6,Male,39,15,,12.5,,,4,4,5,,USA,4,1,16,16,3,1,6,3,Yes,0,2,0,No,5
Mturk1,470,4.25,,39,5.2,10,9,Female,35,19,,13,,,6,4,,4,USA,4,2,15,15,1,1,2,5,No,0,0,0,No,
Mturk1,471,6.25,,49,6.4,19,7,Female,27,23.8,,18.25,,,3,4,,5,US,3,12,13,13,3,1,5,6,No,0,0,0,No,
Mturk1,472,5.25,,38,6.4,9,7,Male,26,10.66666667,,8,,,5,5,6,,USA,4,12,14,15,3,1,5,4,Yes,0,1,0,No,2.5
Mturk1,473,7,,10,6.8,5,5,Male,31,12.33333333,,12.33,,,6,5,6,,USA,4,1,15,16,3,1,6,5,Yes,1,1,0,No,7.5
Mturk1,474,2,,39,6.3,10,7,Male,28,31.4,,18.8,,,5,6,5,,United States,4,2,14,14,3,1,6,4,No,0,0,0,No,
Mturk1,475,4,,69,6.2,12,5,Female,34,6,,8.67,,,5,4,,4,United States,5,3,14,14,3,2,,,No,0,0,0,No,
Mturk1,476,5,,38,3.6,8,8,Male,39,24,,15,,,5,4,5,,USA,4,1,15,16,3,1,3,2,No,0,0,0,No,
Mturk1,477,5.75,,40,5.7,14,4,Female,39,26.66666667,,11.67,,,4,4,,4,USA,4,2,16,17,3,1,7,3,Yes,3,2,2,Yes,15
Mturk1,478,5.75,,43,5.1,20,9,Male,29,13.2,,10.4,,,6,4,4,,usa,3,9,14,14,3,1,2,3,No,0,0,0,No,
Mturk1,479,4.25,,10,1.6,5,9,Male,34,12.6,,7.75,,,4,2,4,,USA,4,1,14,14,3,1,2,3,No,0,0,0,No,
Mturk1,480,5.75,,34,4.6,5,6,Male,30,49,,14,,,6,4,4,,usa,3,4,14,15,3,1,3,3,No,0,0,0,No,
Mturk1,481,6,,12,6.4,9,6,Male,27,9.25,,7.25,,,5,4,4,,USA,2,4,13,14,3,1,5,4,No,0,0,0,No,
Mturk1,482,1.75,,36,5.2,11,6,Male,23,23,,14,,,5,6,4,,USA,4,9,13,15,3,2,,,No,0,0,0,No,
Mturk1,483,4.75,,25,5.1,12,9,Female,35,4.2,,4.25,,,4,2,,6,usa,5,2,15,15,3,1,6,6,No,0,0,0,No,
Mturk1,484,5.25,,42,5.3,6,4,Male,23,15.4,,8.8,,,6,6,5,,USA,4,12,13,15,3,2,,,No,0,0,0,No,
MTurk2,1,4,4.19,57,,,8,Male,34,18.6,708,10.2,428,1,6,5,5,,USA,5,2,16,16,3,1,5,2,,,,,,
MTurk2,2,7,7,73,7,,0,Male,23,49,70,,,7,7,7,7,,usa,4,3,17,17,3,5,,,,,,,,
MTurk2,3,5,5,,,,,Male,28,16.4,456,10,276,2,6,5,5,,USA,5,2,14,16,3,2,,,,,,,,
MTurk2,4,,,,,,,Female,49,7.8,32,2.75,16.25,1,4,5,,3,USA,4,2,15,15,3,1,6,3,,,,,,
MTurk2,5,5.75,4.88,35,5.7,,7,Male,27,13.2,447,10.2,351,1,6,6,7,,United States of America,4,4,14,14,3,2,,,,,,,,
MTurk2,7,,,,,,,Male,32,4,300,4,300,2.5,5,3,3,,United States,4,2,,,,,,,,,,,,
MTurk2,8,,,,,,,Female,22,16.8,1656,15.4,1284,1.25,2,7,,1,USA,2,12,,,,,,,,,,,,
MTurk2,9,5.75,2.5,27,4.1,,9,Male,31,15.2,240,2.8,30,1,3,1,4,,United States,4,2,15,15,1,1,6,4,,,,,,
MTurk2,10,4.5,5.04,46,3.3,,8,Male,28,31.5,810,21,540,1,5,3,4,,USA,5,2,14,14,3,4,1,2,,,,,,
MTurk2,11,2.5,3.38,47,6.4,,6,Male,24,16.2,234,12.6,198,1,4,6,5,,United States,3,1,13,14,3,2,,,,,,,,
MTurk2,12,5.75,4.85,21,4.6,,4,Male,29,33.4,358,16.2,186,5,4,4,5,,America,4,1,15,16,3,1,5,2,,,,,,
MTurk2,13,5,3.88,10,5.2,,6,Female,41,11.2,128,11.6,140,1.5,3,4,,4,united states,4,2,15,15,3,1,6,4,,,,,,
MTurk2,14,3.5,3.27,22,3.7,,5,Female,53,10.5,210,3.5,60,2.5,3,5,,5,usa,2,5,14,14,3,2,,,,,,,,
MTurk2,15,2.5,2.92,37,6.6,,9,Male,53,7,210,7,210,1,3,6,2,,USA,4,5,13,13,3,2,,,,,,,,
MTurk2,16,5,3.85,22,5.6,,7,Female,25,13,340,8,306.67,1,4,4,,4,United States,4,3,13,13,3,2,,,,,,,,
MTurk2,17,5,4.42,11,3,,7,Female,36,6.67,253.33,2.33,116.67,1,6,4,,4,United States,4,2,14,14,3,1,6,6,,,,,,
MTurk2,19,2.5,2.58,20,2.9,,5,Female,28,11,245,13,267.5,1,5,6,,2,USA,4,12,13,13,3,1,5,5,,,,,,
MTurk2,20,4,3.31,23,7.2,,9,Male,37,8.75,310,6,112.5,1,5,4,4,,US,2,12,13,13,3,1,3,4,,,,,,
MTurk2,21,6,3.65,73,4.5,,8,Male,33,9.8,560,15.6,970,1,4,5,4,,USA,3,9,14,14,1,1,5,5,,,,,,
MTurk2,22,2.5,2.69,21,5,,7,Male,26,21,518,8.8,210,1,4,3,3,,United States,4,2,13,13,3,2,,,,,,,,
MTurk2,23,4,4.12,54,3.7,,8,Male,20,20.6,984,16.2,768,4.5,5,6,5,,United States,2,12,13,14,3,2,,,,,,,,
MTurk2,24,6.25,5.31,28,6.8,,6,Female,31,32,1560,12.2,480,5.25,4,5,,4,United States,4,2,14,14,3,1,5,5,,,,,,
MTurk2,25,5.25,4.96,24,5,,3,Male,22,9,980,10.8,936,4.25,5,3,4,,usa,2,5,13,13,3,2,,,,,,,,
MTurk2,26,6.5,5.27,67,5.3,,6,Male,43,15.6,1140,6.8,648,5.25,3,4,5,,usa,4,4,13,14,3,1,6,2,,,,,,
MTurk2,27,4,2.88,43,2.9,,8,Male,44,10.8,48,7.6,33,1,1,6,4,,USA,4,4,13,13,3,2,,,,,,,,
MTurk2,28,4.5,3.92,32,2.5,,9,Male,54,8.67,106.67,4.33,53.33,2.5,4,5,4,,usa,5,2,15,15,1,1,6,3,,,,,,
MTurk2,29,7,5.46,70,3.8,,7,Male,28,32.8,206,18.4,116,3.25,4,4,4,,usa,4,4,14,16,3,2,,,,,,,,
MTurk2,30,5.5,3.88,16,2.3,,7,Female,23,12.2,240,9.4,156,1,3,5,,6,United States,3,12,13,14,3,1,3,5,,,,,,
MTurk2,31,4,4,57,3.7,,8,Male,34,11,262.5,6.5,157.5,1,6,5,5,,USA,5,2,16,16,3,1,5,2,,,,,,
MTurk2,32,5.5,4.12,54,6.8,,7,Male,43,17.4,920,6.67,240,1,4,4,4,,United States,3,3,16,16,3,1,3,5,,,,,,
MTurk2,33,5.5,4.35,38,3,,6,Male,54,6,75,4,45,1,5,5,5,,usa,2,12,13,14,3,1,7,3,,,,,,
MTurk2,34,4.25,2.65,15,5.1,,10,Female,31,19.6,2144,14.8,1608,2.5,3,3,,4,USA,3,12,13,13,3,1,5,4,,,,,,
MTurk2,35,4.5,3.31,48,4.4,,9,Female,23,7.6,80,8,113.33,1.25,5,6,,2,United States,4,5,13,13,2,2,,,,,,,,
MTurk2,36,4,4.62,36,4.7,,6,Female,19,25.4,244,17.6,212,6.25,3,6,,3,usa,2,12,14,14,2,2,,,,,,,,
MTurk2,37,5.25,4.04,50,6.5,,7,Male,32,6.6,26,6.25,37.5,1,6,6,6,,usa,5,2,16,17,3,1,2,2,,,,,,
MTurk2,38,1.75,1.46,34,5.5,,9,Male,53,22.33,1333.33,20.33,1000,1,4,6,4,,United States,2,1,14,14,3,1,6,5,,,,,,
MTurk2,42,5,3.27,20,4.2,,8,Male,37,19.6,2700,15.6,1560,1,4,4,4,,USA,2,2,14,15,3,1,2,4,,,,,,
MTurk2,43,1.25,2.81,21,3,,8,Female,38,17.4,54,9.2,28,1,1,7,,1,USA,4,1,13,13,3,1,5,2,,,,,,
MTurk2,44,5.25,4.46,60,3,,6,Male,45,11.33,55,9.67,45,1,4,5,4,,The United States of America,2,1,15,15,3,2,,,,,,,,
MTurk2,45,5.75,4.04,14,4.5,,7,Female,31,18,900,18,900,1,4,2,,6,usa,2,4,13,14,3,1,3,5,,,,,,
MTurk2,46,6,4.92,14,3.7,,9,Male,25,12.6,178,8.8,132,1,5,4,6,,USA,4,5,14,15,3,1,3,3,,,,,,
MTurk2,47,5.75,4.54,49,5.3,,8,Male,27,16.4,360,7.2,144,3.75,5,6,6,,United states,2,9,13,14,3,1,2,3,,,,,,
MTurk2,48,4.75,4.04,40,4.2,,6,Male,39,15.5,90,0,0,1,4,5,4,,USA,4,3,14,15,3,3,,,,,,,,
MTurk2,49,5,4.04,45,5.1,,9,Female,22,13.2,180,8,124,1,4,4,,4,USA,4,12,13,13,2,4,2,5,,,,,,
MTurk2,50,6,4.42,51,4.5,,8,Female,30,20,300,12,180,2.75,4,4,,4,usa,4,2,14,14,3,2,,,,,,,,
MTurk2,51,4.75,4.65,55,4.1,,9,Male,27,35,720,20.8,420,2.75,4,4,4,,United States Of America,2,12,13,13,3,2,,,,,,,,
MTurk2,52,6,4.23,25,4.2,,9,Female,29,13.75,121.25,6,60,1,5,3,,4,USA,3,12,13,14,3,1,5,5,,,,,,
MTurk2,53,2.5,2.5,20,4.6,,10,Female,49,5.6,166,1.4,48,1,4,3,,3,United States,3,5,13,13,3,2,,,,,,,,
MTurk2,54,6.75,5.54,34,4.4,,8,Male,28,11.4,675,9.75,555,1,4,3,5,,United States,2,9,14,14,3,4,1,3,,,,,,
MTurk2,55,2.25,2.77,37,4.8,,9,Male,33,27.33,393.33,8.33,173.33,1.25,4,5,6,,USA,4,10,14,15,3,1,6,5,,,,,,
MTurk2,56,6,4.73,33,4.9,,6,Male,33,17,1120,13.2,752,1,3,4,4,,usa,2,9,14,14,3,1,5,2,,,,,,
MTurk2,57,5.5,5.12,49,4.2,,9,Male,27,21.8,1450,14.4,1000,1,6,4,4,,USA,4,2,14,14,3,1,2,2,,,,,,
MTurk2,58,4.75,2.58,14,3.5,,8,Male,34,25.6,1423,13.8,798,2,6,3,2,,America,2,12,13,13,3,1,3,3,,,,,,
MTurk2,59,5,4.35,34,2.4,,4,Male,41,19.8,267,15.6,276,2,6,5,5,,USA,3,3,15,15,3,1,7,3,,,,,,
MTurk2,60,5,3.19,35,3.6,,6,Male,24,9.6,252,9.6,252,1,4,5,4,,USA,2,4,13,13,3,4,1,5,,,,,,
MTurk2,61,4.75,3.85,19,3.3,,5,Female,29,15.6,244,15.6,288,1,4,4,,4,united states,4,3,14,15,3,1,3,4,,,,,,
MTurk2,62,5.75,4.65,31,4.4,,10,Female,23,16.6,468,8.4,240,1.5,5,4,,5,USA,4,12,13,13,3,1,2,5,,,,,,
MTurk2,63,6.5,5.19,11,4.5,,7,Female,31,12,1380,4.4,1032,4.75,5,4,,4,US,4,4,14,14,3,1,5,5,,,,,,
MTurk2,64,5.25,4.46,14,5.6,,8,Female,35,20,300,15,225,5,4,4,,4,USA,4,1,14,15,3,1,3,3,,,,,,
MTurk2,65,3,2.31,33,3.9,,8,Male,41,20,4102,13.2,2734,1,4,6,3,,usa,2,12,13,13,3,2,,,,,,,,
MTurk2,66,5.5,4.81,53,5.1,,5,Female,24,19.4,210,10.4,111,4.25,3,4,,4,USA,4,1,15,15,3,1,3,4,,,,,,
MTurk2,68,5,4.73,62,5.5,,5,Male,29,12.6,770,6,252,2,5,2,3,,Usa,2,5,14,15,3,1,5,2,,,,,,
MTurk2,69,7,4.88,74,3.3,,6,Male,25,16,96,11.2,72,3,4,5,6,,usa,4,2,14,15,3,2,,,,,,,,
MTurk2,70,1.25,2.04,22,3.4,,8,Male,32,21,753,9.4,236,1,5,6,6,,USA,2,2,13,13,3,2,,,,,,,,
MTurk2,71,4.75,3.5,53,4.7,,5,Male,29,31.5,341.25,16.5,165,3,4,3,5,,USA,4,2,15,16,3,1,3,3,,,,,,
MTurk2,72,5,4.35,10,3.8,,8,Female,20,20.75,765,12,450,1.75,4,4,,5,United States,2,4,13,14,3,1,3,4,,,,,,
MTurk2,73,4.25,3.62,55,3.4,,10,Male,28,30.6,528,16.2,276,1,2,4,3,,USA,4,4,14,14,3,1,3,3,,,,,,
MTurk2,74,4.75,5.04,32,5.1,,6,Female,37,15.4,82,9.4,52,1.25,4,4,,4,usa,3,9,14,14,3,1,3,5,,,,,,
MTurk2,75,6.25,4.58,43,4.3,,2,Male,21,20,400,11.67,233.33,4.25,4,4,5,,United States,2,4,16,17,3,2,,,,,,,,
MTurk2,76,4,4.12,48,5.7,,8,Male,27,32.4,696,21.6,464,1.25,4,3,3,,United States,2,4,14,14,3,2,,,,,,,,
MTurk2,77,6.25,5.08,24,4,,5,Female,23,14,95,12,75,2.25,4,4,,3,USA,4,3,14,17,3,1,1,5,,,,,,
MTurk2,78,4.25,3.88,40,4.9,,8,Male,43,26.67,803.33,15,456.67,1.5,3,5,4,,USA,5,2,16,16,3,1,7,4,,,,,,
MTurk2,79,5,3.31,72,4.9,,9,Male,22,30.8,1050,23.8,834,1,5,6,7,,United states,2,12,13,13,3,2,,,,,,,,
MTurk2,80,4.75,5,39,3.7,,4,Male,23,23.8,1570,14.8,1060,2,3,6,5,,USA,2,11,13,17,3,2,,,,,,,,
MTurk2,81,4.75,3.12,38,3.7,,7,Male,29,25,25,14.4,14.4,1,5,5,4,,United States,4,3,13,13,3,2,,,,,,,,
MTurk2,82,5,3.12,25,3,,9,Female,27,10.4,278,11,394,1,3,7,,1,USA,2,12,13,13,3,1,3,4,,,,,,
MTurk2,83,3.75,3,58,4.8,,8,Male,31,38.5,1260,8,240,1,6,5,4,,USA,4,3,15,16,3,2,,,,,,,,
MTurk2,84,4.25,4.5,44,3.5,,7,Male,33,19,420,7,150,4,4,6,4,,United States,4,5,15,16,3,2,,,,,,,,
MTurk2,85,4.5,3.31,51,3.9,,8,Male,48,8.6,624,6.8,444,1,3,6,3,,United States,2,8,13,13,3,1,7,3,,,,,,
MTurk2,86,4.25,4.23,45,5,,6,Male,29,19.8,343,12.6,224,1,4,6,4,,USA,4,1,16,17,3,2,,,,,,,,
MTurk2,87,4.25,3.88,13,7,,9,Female,55,12.2,284,4.4,168,1,5,4,,4,United States of America,2,4,14,14,3,2,,,,,,,,
MTurk2,88,4.25,3.38,11,3.4,,7,Male,20,25,323,15.6,247,3.5,5,5,4,,United States,2,12,13,15,3,2,,,,,,,,
MTurk2,89,3.75,3,16,5.4,,10,Male,36,5.2,230,5,150,1,6,6,5,,USA,4,2,15,16,3,1,6,3,,,,,,
MTurk2,90,2,1.81,15,3.9,,8,Female,21,6.5,140,7.75,177.5,1,4,4,,5,United States,2,12,13,14,2,2,,,,,,,,
MTurk2,91,4.5,3.62,37,4.2,,8,Male,46,12,193,9.8,222,1,5,5,4,,usa,3,4,13,14,3,1,6,5,,,,,,
MTurk2,92,6,3.19,19,3.3,,8,Female,38,6.4,54,4.8,42,1,4,4,,3,USA,4,1,17,17,3,1,3,6,,,,,,
MTurk2,93,5.25,4.54,26,5.6,,9,Male,24,10.8,125,8.2,86,4,6,5,5,,United States,4,2,13,14,3,1,3,5,,,,,,
MTurk2,94,4,4.31,48,3.6,,8,Male,40,15.6,240,10.2,120,1,4,7,3,,usa,4,1,17,17,3,1,7,4,,,,,,
MTurk2,95,5,4.04,39,3.9,,6,Male,39,36,600,19.5,330,1,2,2,4,,USA,4,2,17,17,3,1,6,3,,,,,,
MTurk2,96,5.25,4.23,31,4.4,,8,Male,34,21.6,486,10.2,248,4.25,5,4,4,,United States,3,3,14,15,3,1,6,5,,,,,,
MTurk2,97,3.75,3.08,44,4.4,,8,Male,31,20.4,181,11.4,104,2.75,4,6,5,,USA,2,9,13,14,3,1,6,4,,,,,,
MTurk2,98,4.75,2.65,39,3.4,,9,Male,35,21,422,12.2,200,1,4,4,4,,USA,4,12,13,15,3,1,3,6,,,,,,
MTurk2,99,3.75,2.73,63,2.9,,6,Male,30,28.33,680,10,160,1.25,3,4,4,,USA,4,4,14,14,1,4,5,5,,,,,,
MTurk2,101,4.5,4.5,39,2.8,,7,Male,26,34,780,13.33,120,1,4,3,3,,USA,4,1,14,16,3,1,3,4,,,,,,
MTurk2,102,3.5,2.31,39,2.6,,8,Male,42,5.5,260,13.5,705,1,4,7,3,,usa,4,2,15,15,3,2,,,,,,,,
MTurk2,103,5,4.42,35,4.1,,10,Male,19,24,460,14.67,273.33,1.75,5,5,6,,United States,2,12,13,13,3,2,,,,,,,,
MTurk2,104,4,3.5,50,4.7,,7,Male,23,21.4,1430,12.2,330,1.5,4,3,3,,usa,4,9,13,13,3,2,,,,,,,,
MTurk2,105,2.5,2.69,35,4.6,,10,Male,32,23,2840,15.4,1920,1,4,5,4,,United States,2,9,13,13,3,1,5,4,,,,,,
MTurk2,106,6,4,12,5.1,,8,Female,53,13.4,32,7.8,19,1,5,4,,6,us,4,12,16,16,3,1,7,4,,,,,,
MTurk2,107,4.25,3.58,26,4.2,,8,Male,25,25.33,69.33,16,44,2,4,2,6,,United States,4,1,13,13,3,2,,,,,,,,
MTurk2,108,4.5,3.58,16,4.6,,8,Male,35,23.6,298,12.8,164,4,5,4,4,,USA,4,5,14,14,3,1,6,5,,,,,,
MTurk2,109,5.75,4.19,19,3.3,,7,Male,22,21,350,10.6,173,2.75,5,1,4,,USA,2,12,13,16,3,2,,,,,,,,
MTurk2,110,6,5.35,39,5.4,,8,Male,29,11,180,8.6,108,1,4,5,5,,USA,4,9,13,13,3,2,,,,,,,,
MTurk2,111,3.75,3.88,15,4.4,,3,Female,28,4.6,32,6.2,36,1,4,7,,2,USA,5,2,16,17,3,1,6,4,,,,,,
MTurk2,112,7,5.08,58,4.3,,4,Male,26,4,21.67,4,21.67,1.75,6,4,5,,USA,4,4,13,13,3,2,,,,,,,,
MTurk2,113,6,5.31,41,6.1,,8,Male,34,31,832,18.4,496,1,4,5,5,,united states,2,9,14,14,3,1,5,3,,,,,,
MTurk2,114,5.25,3.85,16,4.7,,7,Male,30,33.6,3680,4.2,320,1,6,4,3,,united states,2,10,13,13,3,1,3,4,,,,,,
MTurk2,115,3.5,3.31,42,5.4,,6,Male,25,19.6,840,16.8,516,1,6,3,4,,USA,2,14,14,15,3,1,2,5,,,,,,
MTurk2,116,4.75,5.04,49,4.2,,8,Male,34,27.4,964,14.6,504,3.75,4,4,3,,USA,3,13,14,15,3,2,,,,,,,,
MTurk2,117,3.75,4.62,53,3.9,,9,Male,25,13.6,498,9.4,348,1.75,2,2,3,,United States,4,12,13,13,3,2,,,,,,,,
MTurk2,118,2.5,1.88,67,3.5,,8,Male,49,13.6,2542.5,12.2,2002.5,1,4,5,4,,United States,2,5,13,13,1,2,,,,,,,,
MTurk2,119,6.25,6,61,4.5,,8,Female,34,18.25,725,8,312.5,1.5,2,4,,4,USA,4,2,15,15,2,1,5,4,,,,,,
MTurk2,120,4,2.54,50,3.2,,9,Male,23,24.6,1204,8.8,560,1,6,2,4,,United States of America,2,11,13,14,3,2,,,,,,,,
MTurk2,121,5,4,21,3.6,,6,Female,30,4.25,40,4.5,42.5,1,4,5,,3,usa,4,1,14,14,3,4,2,3,,,,,,
MTurk2,122,5.5,5.04,34,5.4,,5,Male,31,18.67,1066.67,11.33,633.33,3.25,4,4,6,,USA,2,4,13,13,3,2,,,,,,,,
MTurk2,123,5.25,3.35,24,2.8,,5,Female,47,2.25,15,2.33,17.5,1,5,5,,3,USA,4,1,16,16,3,1,6,4,,,,,,
MTurk2,124,4.5,3.69,40,3.7,,8,Male,21,17.4,312,11.4,204,1,4,3,3,,United States of America,2,4,14,14,3,3,,,,,,,,
MTurk2,125,4.75,4.69,58,3.1,,8,Male,20,16,192,7.2,78,1.5,5,6,6,,United States of America,2,12,13,15,3,2,,,,,,,,
MTurk2,126,4.75,4.31,41,5.1,,6,Female,32,8.8,13.6,4,3.6,1,4,6,,5,United States,3,5,14,14,3,1,5,3,,,,,,
MTurk2,127,2.25,3.42,39,5.1,,7,Female,20,11.4,2108.75,6.6,1541.25,1,6,6,,1,USA,3,4,13,13,1,2,,,,,,,,
MTurk2,128,5.25,4.81,28,4.1,,6,Female,24,36.8,1470,22.4,910,4.5,1,3,,5,USA,1,5,13,14,3,1,3,5,,,,,,
MTurk2,129,1.25,2.19,42,4.8,,4,Male,30,12,206,8.4,144,1,4,7,2,,USA,4,12,13,13,3,2,,,,,,,,
MTurk2,130,4,4.12,47,5.4,,10,Male,25,19.8,319,15.8,287,1,4,4,4,,United States,2,4,13,14,3,2,,,,,,,,
MTurk2,131,6,4.23,37,3.8,,5,Male,23,24,1466,11.6,792,4.5,4,5,5,,united states,2,3,15,15,3,1,3,3,,,,,,
MTurk2,132,4.25,3.81,28,3.1,,8,Male,24,18.4,1000,11,620,3.25,4,4,4,,United States,4,12,13,13,2,1,5,3,,,,,,
MTurk2,133,6,5.12,50,5.3,,8,Male,31,20,1500,12,900,1.75,4,2,4,,US,4,14,13,14,3,2,,,,,,,,
MTurk2,134,5.75,5.46,30,4.2,,5,Male,27,21.6,888,14.6,582,3.25,4,4,6,,USA,2,9,13,13,3,2,,,,,,,,
MTurk2,135,5.5,4.35,35,3.9,,4,Male,25,9.4,820,6.8,610,1,6,6,6,,United States,3,12,13,17,3,2,,,,,,,,
MTurk2,136,4.75,4.19,15,5.5,,10,Female,19,20.2,698,19.6,696,2,4,5,,5,USA,2,1,14,16,3,1,3,6,,,,,,
MTurk2,137,4.5,4,13,5.1,,8,Female,20,18.75,438.75,12.75,292.5,1,5,2,,4,United States,2,12,13,15,1,2,,,,,,,,
MTurk2,138,4,4.08,42,3.7,,8,Male,27,16,529,8.6,280,1,5,5,4,,usa,2,8,13,13,3,2,,,,,,,,
MTurk2,140,6.25,5.04,36,5.3,,8,Female,30,11.2,119,1.8,12,1,2,3,,4,U.S.A.,3,12,15,16,3,1,5,4,,,,,,
MTurk2,141,6,5.19,44,5,,8,Female,24,14,52.5,12,45,5,2,3,,6,USA,4,2,13,15,3,1,1,3,,,,,,
MTurk2,143,5.75,4.62,43,4.1,,7,Male,30,20,360,8,160,4.75,4,4,5,,usa,2,10,14,14,3,1,3,4,,,,,,
MTurk2,144,4.5,4.19,44,2.5,,8,Male,24,20.2,288,13.4,204,1,6,3,4,,United States,4,9,13,14,3,2,,,,,,,,
MTurk2,145,4.75,3.62,31,4.6,,5,Male,49,11.6,72,9.6,59,2.75,4,4,4,,usa,2,11,13,14,3,1,7,3,,,,,,
MTurk2,146,2.25,2.38,41,4.3,,6,Male,46,15.4,546,7.8,318,1,4,5,3,,USA,2,3,15,15,3,1,6,4,,,,,,
MTurk2,147,4.75,3.85,53,5.8,,8,Male,33,18,312,15.2,264,1,5,2,5,,USA,3,5,13,15,1,1,3,5,,,,,,
MTurk2,148,4.75,4.35,33,3,,8,Male,37,25,624,14,360,1,4,5,3,,usa,4,3,14,15,3,4,2,3,,,,,,
MTurk2,149,6,5.38,38,4.5,,10,Female,30,21,12.6,8,4.8,3.75,5,4,,5,USA,4,2,15,16,3,2,,,,,,,,
MTurk2,150,3.25,3.35,58,4.1,,6,Male,37,16,216,4.2,64,1,5,5,5,,USA,2,1,15,15,3,1,3,2,,,,,,
MTurk2,151,5,4,56,4.3,,8,Male,24,14.2,384,11.8,316,1,4,4,4,,USA,4,12,13,13,3,1,1,2,,,,,,
MTurk2,152,5.5,3.85,36,3.8,,5,Male,41,35,2250,3.5,300,1,3,4,4,,America,3,5,14,14,3,1,6,4,,,,,,
MTurk2,153,2,1.65,23,3.2,,9,Male,30,16,1050,14,930,1,5,4,5,,usa,4,12,13,14,3,2,,,,,,,,
MTurk2,154,5.5,6.04,62,4.3,,8,Male,29,39.2,3420,15.8,1488,2.5,5,5,6,,USA,4,12,13,13,3,2,,,,,,,,
MTurk2,155,5,4.58,37,4.2,,5,Female,35,30.2,1052,17.4,612,4.5,3,4,,4,indiana,3,4,14,15,3,1,5,4,,,,,,
MTurk2,156,4.5,3.5,24,5.8,,6,Female,26,17.2,120,13.2,96,1,4,5,,5,United States,4,2,14,14,2,1,5,5,,,,,,
MTurk2,157,5.5,5.54,40,5.6,,6,Male,26,22.2,1062,12.8,630,1,6,4,5,,united states,4,1,15,15,3,1,3,3,,,,,,
MTurk2,158,4.75,4.12,16,3.4,,8,Female,24,22.4,358,8,132,3.25,4,6,,5,USA,2,9,13,13,2,1,3,5,,,,,,
MTurk2,159,4.5,2.04,45,3.8,,2,Female,25,40,950,23,550,3.75,4,4,,4,USA,4,4,14,15,3,4,3,4,,,,,,
MTurk2,160,4.25,4.69,61,4.3,,8,Male,25,29.8,570,22.4,444,1,6,1,2,,United States,4,1,14,14,3,2,,,,,,,,
MTurk2,161,4.75,4.27,40,3.5,,8,Male,33,39,900,14,360,2,4,4,4,,USA,4,3,14,14,3,1,6,5,,,,,,
MTurk2,162,3,3.31,28,3.8,,7,Female,67,4.5,90,2.5,60,1.25,3,4,,2,USA,4,4,14,14,3,1,7,5,,,,,,
MTurk2,163,5,3.96,32,3.1,,7,Male,38,4,80,6,80,1.25,4,4,4,,USA,4,2,14,14,3,1,5,3,,,,,,
MTurk2,164,5.25,4.58,40,3.4,,8,Male,23,7,75,5,60,1,4,5,6,,USA,2,5,13,14,3,1,2,5,,,,,,
MTurk2,165,4,3.35,31,3.4,,7,Male,21,10,268,7.6,204,1,4,4,4,,United States,2,12,14,14,3,2,,,,,,,,
MTurk2,166,5.5,5.19,31,3.7,,9,Male,23,22.4,3016,11.2,1456,1.25,5,2,6,,America,3,11,15,15,3,2,,,,,,,,
MTurk2,167,6.5,6.81,59,5.8,,6,Male,38,24.2,1160,23.33,660,7,4,5,6,,usa,2,4,14,15,3,4,2,2,,,,,,
MTurk2,168,6.25,4.46,15,2,,9,Female,27,28,372,14,186,4,4,4,,4,usa,4,2,15,15,3,2,,,,,,,,
MTurk2,169,5.75,4.23,22,3.9,,7,Male,26,23,1212,17.4,948,1.5,4,5,6,,United States,4,1,15,15,3,1,5,4,,,,,,
MTurk2,170,1.25,1.65,49,3.4,,9,Male,56,4.5,120,2,45,1,3,5,1,,usa,4,12,13,13,2,2,,,,,,,,
MTurk2,171,3,3.19,23,3.7,,7,Female,33,11.4,270,5.2,114,1,4,6,,2,USA,4,4,15,15,3,1,6,4,,,,,,
MTurk2,172,5,3.65,18,2.7,,9,Male,24,10.67,370,12.67,400,1,5,4,5,,united states,4,12,13,17,3,2,,,,,,,,
MTurk2,173,2,2.85,33,6.1,,10,Male,58,15.33,820,6.67,453.33,1.5,5,7,5,,US,2,9,13,13,3,2,,,,,,,,
MTurk2,174,6,4.42,25,5.8,,7,Male,35,8.8,61,4.8,41,1,3,3,6,,USA,4,1,16,16,3,1,6,4,,,,,,
MTurk2,175,4,3.54,30,5.1,,7,Female,19,6.6,60,4.4,52,1,5,3,,6,USA,2,2,13,13,3,2,,,,,,,,
MTurk2,176,6,4.19,38,5.2,,9,Male,31,4.25,66.25,2.5,21.25,1,4,2,4,,USA,4,2,15,15,3,1,5,5,,,,,,
MTurk2,177,4.5,5.23,39,5.1,,8,Male,28,22.2,643.33,13.2,363.33,1,4,5,3,,U.S.A,1,12,13,13,3,1,2,2,,,,,,
MTurk2,178,4,3.12,45,2.7,,10,Female,31,13,610,10.6,1314,4.75,5,4,,4,United States,3,12,13,14,3,1,3,4,,,,,,
MTurk2,179,5.5,3.81,24,5.3,,9,Female,37,6.2,197,3.8,142,1,6,6,,3,USA,4,5,14,15,3,1,6,5,,,,,,
MTurk2,180,3.5,2.92,55,3.9,,7,Male,24,20.6,798,15.8,616,2,4,5,4,,United States,4,2,14,16,3,1,3,3,,,,,,
MTurk2,181,4,4.12,70,3.3,,4,Male,29,24.25,500,15.5,305,2,5,4,4,,United States of America,2,10,15,15,3,2,,,,,,,,
MTurk2,182,3.25,3.54,25,3.3,,8,Female,20,28,360,18.67,240,2.75,5,4,,4,United States,4,5,13,15,3,2,,,,,,,,
MTurk2,183,3.75,2.46,36,3.9,,4,Female,30,7.5,122.5,10.5,242.5,1,5,7,,2,usa,4,4,13,13,3,1,6,5,,,,,,
MTurk2,184,3,2.58,24,5.2,,8,Male,31,14.2,144,8.2,82,1.25,4,6,4,,USA,2,13,14,14,3,1,3,3,,,,,,
MTurk2,185,2.25,1.81,27,5.6,,8,Male,21,26.4,1876,20.2,1368,1,4,6,2,,United States of America,2,12,13,13,2,2,,,,,,,,
MTurk2,186,4.75,2.88,68,5.1,,6,Male,28,7.25,37.5,4.5,23.75,1,4,4,4,,usa,5,2,15,15,1,5,,,,,,,,
MTurk2,187,5,4.23,54,3.8,,9,Male,38,10.6,333,5.6,156,1,5,4,3,,usa,3,3,14,14,3,4,1,2,,,,,,
MTurk2,188,6.25,4.62,26,4.6,,6,Male,42,36.33,590,19.33,330,1,5,4,5,,USA,3,1,15,15,3,1,7,4,,,,,,
MTurk2,189,4.5,4.58,17,5,,8,Female,44,13,780,2.33,140,1,4,5,,3,USA,2,4,14,14,3,1,3,6,,,,,,
MTurk2,190,2.25,3.35,36,6.5,,5,Male,31,10,538,9.4,430,2.75,4,6,5,,united states,3,11,13,13,2,2,,,,,,,,
MTurk2,191,4.5,3.88,13,4.8,,7,Male,26,15,168,12,108,1,6,4,4,,USA,4,2,15,16,3,1,3,5,,,,,,
MTurk2,192,6,4.04,20,2.9,,7,Female,36,28.6,412,11.2,176,4.25,4,3,,6,United States of America,4,1,16,16,3,1,6,5,,,,,,
MTurk2,193,4.25,2.77,48,2.5,,9,Male,28,21.8,1208,8.8,536,1,2,4,4,,United States,2,2,14,15,2,1,5,3,,,,,,
MTurk2,194,4.5,3.65,53,5.6,,9,Male,19,17.8,936,9.6,300,2,5,4,6,,United States,2,4,15,15,3,2,,,,,,,,
MTurk2,195,2.75,3.38,37,3.6,,7,Male,22,11,35,17,65,1,5,5,2,,USA,2,12,13,15,2,2,,,,,,,,
MTurk2,196,4.5,3.65,43,5,,8,Male,24,18.6,19.2,10.6,11,1,2,2,3,,usa,2,12,13,14,3,2,,,,,,,,
MTurk2,197,3.75,4.19,56,4.1,,9,Male,24,21,285,10,97.5,2,6,5,5,,America,4,1,13,14,3,1,2,5,,,,,,
MTurk2,199,5,4.88,32,4.3,,8,Female,28,18.2,888,11.2,536,2.75,4,2,,6,USA,5,2,15,16,3,1,5,5,,,,,,
MTurk2,200,4.25,3.54,19,2.9,,7,Female,32,12.67,173.33,6.67,80,2,5,5,,4,USA,2,12,13,14,3,1,5,5,,,,,,
MTurk2,201,6.5,5.27,13,4.7,,7,Male,26,20.8,252,11.8,147,2,4,4,4,,USA,4,2,16,16,3,2,,,,,,,,
MTurk2,202,6,5.12,61,2.6,,10,Male,28,12.4,354,8.2,228,2,6,5,5,,USA,5,2,14,16,3,2,,,,,,,,
MTurk2,203,6.25,4.69,51,3.3,,8,Female,47,11,800,8.33,660,1,3,6,,3,usa,2,5,13,13,3,2,,,,,,,,
MTurk2,204,4,3.65,33,5.9,,7,Female,18,11.33,236.67,9,220,1.75,4,4,,4,US,2,12,13,15,3,1,1,7,,,,,,
MTurk2,205,6,4.65,32,3.7,,8,Male,42,18,330,3,30,1,6,4,3,,USA,5,2,17,17,3,1,6,6,,,,,,
MTurk2,206,6.5,4.85,39,5,,8,Male,31,10.8,52,6,34,1,4,4,7,,usa,5,2,14,15,3,1,6,3,,,,,,
MTurk2,207,1.75,3,13,3.4,,7,Male,24,14.4,116.4,9.6,94.2,1,4,3,2,,United States,5,2,13,13,3,1,5,4,,,,,,
MTurk2,208,5.5,4.81,36,4.8,,6,Female,35,7.33,350,6.33,191.67,2,6,6,,6,USA,4,5,14,16,3,1,6,5,,,,,,
MTurk2,209,6.25,4.46,22,4,,7,Female,60,7,264,1.75,7.5,1,4,4,,5,usa,3,1,17,17,3,2,,,,,,,,
MTurk2,210,6,5.69,25,5.3,,6,Female,32,33.33,940,21.67,580,6,4,5,,5,USA,4,12,16,16,3,1,5,6,,,,,,
MTurk2,211,6,5.15,67,4.4,,8,Male,23,25.4,385,12.2,147,1,6,6,7,,United States,4,1,14,16,3,1,1,4,,,,,,
MTurk2,212,1.5,2.15,35,3.3,,8,Male,24,18.6,3718,10.2,2140,1,4,6,5,,USA,4,4,13,14,3,2,,,,,,,,
MTurk2,213,5.25,4.38,17,4.4,,9,Male,30,22.2,423,13.4,276,2,4,4,4,,USA,4,2,13,13,3,2,,,,,,,,
MTurk2,214,3.75,3.38,11,3.7,,7,Female,31,37.8,2520,21.6,1440,1,2,6,,4,United States,4,2,14,16,3,1,5,6,,,,,,
MTurk2,215,3,2.42,48,5.4,,9,Male,24,40,1466.67,25.33,933.33,5.25,4,4,3,,The United States,4,9,13,13,3,2,,,,,,,,
MTurk2,216,6,4.62,27,4.6,,10,Female,36,8.25,102.5,4,60,2,4,4,,5,United States,4,1,15,15,3,1,3,6,,,,,,
MTurk2,217,4.25,2.46,29,4.6,,10,Male,23,13.2,336,11.2,308,1,4,4,4,,USA,4,2,13,14,1,1,3,5,,,,,,
MTurk2,218,4,3.42,66,2.7,,6,Male,36,23.5,4560,16.5,2880,1.25,4,4,4,,USA,4,2,14,15,2,1,5,3,,,,,,
MTurk2,219,7,5.35,10,5.3,,5,Female,22,9.33,183.33,11.67,216.67,1,5,5,,5,us,2,5,13,14,3,1,3,4,,,,,,
MTurk2,220,5.25,3.96,28,4.5,,9,Male,20,8.6,78,6.2,58,1.25,5,3,6,,United States,4,2,15,16,3,2,,,,,,,,
MTurk2,221,4,3.58,10,6.4,,6,Female,24,10.6,220,7.2,128,4.75,4,5,,3,United States of America,4,2,13,15,3,1,3,5,,,,,,
MTurk2,222,4,2.5,49,3.2,,6,Female,23,2,60,6,60,1,4,4,,4,usa,2,12,13,13,2,2,,,,,,,,
MTurk2,223,5.5,5.69,73,3.9,,7,Male,31,32.8,828,17.6,456,4.5,4,3,5,,USA,3,9,13,13,3,1,1,2,,,,,,
MTurk2,224,6.25,4.38,28,5.2,,10,Female,27,11,1488,11,1272,3.5,6,6,,3,United States,4,12,13,14,2,1,3,4,,,,,,
MTurk2,225,4,3.81,52,2.9,,10,Male,28,14,192,13.8,216,1,4,4,5,,usa,2,13,14,14,3,2,,,,,,,,
MTurk2,226,5.25,4.73,51,4.4,,5,Male,26,19.2,378,13.2,258,2.5,4,5,5,,USA,3,9,14,14,3,1,3,5,,,,,,
MTurk2,227,3,3.46,56,4.1,,8,Male,26,13,282,6,120,5,4,5,3,,The United States of America,4,3,15,17,3,1,3,4,,,,,,
MTurk2,228,6.5,5.96,28,4.4,,9,Female,39,6.25,108.75,8.25,78.75,3,4,5,,5,us,5,1,15,16,3,2,,,,,,,,
MTurk2,229,5.5,4.38,55,4.5,,7,Male,22,22.8,738,13.4,429,2,4,3,5,,USA,2,12,14,16,3,2,,,,,,,,
MTurk2,230,6,4.65,9,5.9,,6,Female,26,20,1350,4,270,6,4,4,,4,usa,4,2,15,15,3,1,3,5,,,,,,
MTurk2,231,7,5.19,72,5.6,,10,Male,30,11.2,228,13.2,372,1,4,2,6,,US,5,1,17,17,1,2,,,,,,,,
MTurk2,232,5.5,4.85,45,3.9,,8,Male,31,26,804,15.8,540,1,4,4,4,,United States,4,2,14,15,3,1,1,2,,,,,,
MTurk2,233,6.25,5.31,54,6.2,,10,Male,40,19,465,7.5,180,1,7,6,7,,USA,5,2,16,16,3,1,2,3,,,,,,
MTurk2,234,5.5,4.69,43,3.9,,7,Male,26,18.8,430,12.2,256,1.75,2,4,5,,United States,2,3,14,14,3,1,5,3,,,,,,
MTurk2,235,6.25,5.23,36,3.5,,6,Female,57,5,120,6.6,132,2,5,4,,4,USA,3,2,14,14,3,3,,,,,,,,
MTurk2,236,6.75,4.58,48,2.8,,6,Male,31,32.2,634,15.4,347,1,4,6,5,,United States,3,4,13,14,3,1,2,3,,,,,,
MTurk2,237,4.25,3.46,25,4.4,,6,Male,29,25,2688,10.6,1344,1,4,4,4,,United States of America,2,12,16,16,3,5,,,,,,,,
MTurk2,238,5,3.69,41,4.2,,6,Male,40,15.2,500,7.6,240,1,4,4,4,,USA,4,10,15,15,3,1,6,3,,,,,,
MTurk2,239,4.75,3.65,39,5.7,,9,Male,37,19.33,1280,16,900,1,4,5,4,,USA,5,1,14,14,3,1,6,4,,,,,,
MTurk2,240,5.25,4.69,39,4,,7,Male,25,11.6,369,5.4,189,1,4,4,4,,United States,2,3,14,14,3,1,2,5,,,,,,
MTurk2,241,5,3.38,15,5.5,,9,Female,38,4.4,200,4,160,2,5,4,,3,usa,4,11,13,13,3,1,3,5,,,,,,
MTurk2,243,5.5,4.54,23,7.4,,10,Male,32,15,324,2.4,48,1,4,3,5,,US,4,12,15,15,3,1,5,3,,,,,,
MTurk2,244,3.75,3.46,32,4.5,,7,Male,20,15.5,232.5,11,157.5,1,3,4,4,,USA,2,12,13,17,3,1,3,4,,,,,,
MTurk2,245,2,2.73,36,2.1,,7,Male,28,18,390,16,360,2,4,6,4,,United States,2,4,13,14,3,2,,,,,,,,
MTurk2,246,5.25,4.58,17,4.4,,6,Female,57,18.8,748,13.6,600,1,4,2,,2,USA,3,5,13,13,3,1,7,3,,,,,,
MTurk2,247,4,3.69,57,3,,7,Male,23,28.8,324,15.6,180,1,4,4,4,,united states,2,4,14,14,3,2,,,,,,,,
MTurk2,249,4.75,4.19,36,3.5,,4,Male,31,11.67,180,8.33,180,1,4,7,5,,usa,2,9,14,15,3,1,5,3,,,,,,
MTurk2,250,3.5,2.23,12,6,,6,Male,24,5.75,140,6.75,170,1,5,5,3,,USA,4,11,13,13,1,1,5,5,,,,,,
MTurk2,251,4,2.81,26,4.3,,10,Female,47,10.4,90,9.2,83,1,4,5,,2,usa,3,4,14,14,3,1,7,4,,,,,,
MTurk2,252,4,3.65,56,3,,7,Male,25,26.4,396,15.6,240,1,4,4,4,,united states,2,4,14,14,3,2,,,,,,,,
MTurk2,253,5.75,3.23,17,3.7,,10,Male,31,17.6,2344,18.8,2008,1.5,5,6,5,,USA,2,2,13,13,1,1,3,3,,,,,,
MTurk2,254,7,5.5,74,6.2,,8,Female,25,43.4,3720,23.2,1968,7,4,4,,4,US,2,4,14,15,2,4,3,3,,,,,,
MTurk2,255,4.5,4.15,69,4.8,,9,Male,47,23.8,186,16.6,107,3.5,6,6,4,,USA,5,1,16,16,3,1,6,6,,,,,,
MTurk2,257,3.5,2.69,54,5,,9,Male,55,15.6,408,13.2,360,1.25,3,5,2,,usa,3,12,13,14,3,2,,,,,,,,
MTurk2,258,5,5.42,48,3.8,,7,Male,29,36.2,3992,18.2,2240,1,4,4,4,,United States,2,3,14,15,3,1,5,3,,,,,,
MTurk2,259,5,4.73,14,6.8,,6,Male,27,11,97,9.6,100,1,4,4,4,,USA,4,1,15,17,3,1,3,3,,,,,,
MTurk2,260,5.5,4.04,48,6.8,,8,Female,32,19.4,363,11,183,2.25,5,4,,3,United States,5,2,16,16,3,1,5,4,,,,,,
MTurk2,261,5.5,3.65,26,3.1,,4,Female,26,11,135,8,105,2,4,7,,1,USA,4,5,14,14,2,1,5,5,,,,,,
MTurk2,262,5,4.5,15,4.1,,10,Male,24,14.4,564,8,320,3,5,3,4,,United States,4,2,14,14,3,2,,,,,,,,
MTurk2,263,5.5,6.08,31,3.8,,4,Male,23,11.2,164,11.2,164,4,4,4,4,,UNITED STATES,2,5,13,13,3,1,2,3,,,,,,
MTurk2,264,4.75,5.92,61,4.6,,6,Female,28,8.4,130,8.33,80,1,3,5,,4,usa,3,5,14,14,3,1,3,3,,,,,,
MTurk2,265,3,2.58,27,3.3,,8,Male,37,18.6,924,11.4,591,1.75,5,6,5,,USA,5,2,14,14,3,2,,,,,,,,
MTurk2,266,5.5,5.54,28,4.1,,10,Female,43,13.2,588,6.4,228,2.5,4,6,,1,united states,4,5,15,15,3,1,7,5,,,,,,
MTurk2,267,4,3.15,44,5.8,,9,Male,35,23.2,1093,10.8,591,1.5,5,5,5,,United States of America,2,1,15,15,3,1,6,4,,,,,,
MTurk2,268,6,4.92,69,5.2,,6,Male,29,19,252,8.4,126,5.5,5,5,6,,USA,5,2,14,14,3,1,3,5,,,,,,
MTurk2,269,1.75,2.65,45,5.9,,8,Male,38,16.8,474,10.4,312,1,6,7,5,,USA,2,3,14,14,3,2,,,,,,,,
MTurk2,270,4.75,3.35,10,5.6,,7,Female,21,23.4,342,13.8,198,1,3,5,,4,United States of America,2,12,14,15,3,1,2,4,,,,,,
MTurk2,271,3.75,3.27,39,6.1,,10,Female,24,5.8,48,5.6,48,2,5,5,,3,USA,4,2,13,13,2,1,3,3,,,,,,
MTurk2,272,4.75,4.19,52,3.4,,7,Female,34,5.75,35,2.75,21.25,1,4,6,,5,usa,3,11,14,14,3,1,6,5,,,,,,
MTurk2,273,5.5,3.96,18,4.4,,6,Male,23,12.25,421.25,6.25,235,1.25,4,2,3,,USA,4,12,14,14,3,1,3,3,,,,,,
MTurk2,274,4.75,3.73,36,6.7,,9,Male,28,18,540,12,340,1,5,5,5,,United States of America,3,10,13,14,3,1,3,5,,,,,,
MTurk2,275,5.5,3.5,36,5.9,,8,Male,26,36.2,2244,21.6,1296,1,6,4,4,,united states,4,2,13,13,3,2,,,,,,,,
MTurk2,276,5.75,3.5,15,4.3,,8,Male,21,18,360,12,240,2.25,5,4,6,,United States,2,2,14,15,3,1,1,4,,,,,,
MTurk2,277,5.75,5.27,20,5,,8,Female,28,8.8,185,7.2,161,1,6,5,,3,United States,2,1,14,14,3,1,1,3,,,,,,
MTurk2,278,5.25,3.65,40,2.5,,6,Male,31,24.33,1746.67,0.67,20,2.25,6,4,4,,United States,4,9,15,15,3,1,6,4,,,,,,
MTurk2,279,5.5,4.42,18,4.4,,8,Female,27,13.8,166,7.6,96,1,3,4,,4,United States,3,2,14,15,3,1,5,3,,,,,,
MTurk2,280,5.25,4.08,36,3.6,,9,Male,29,22,330,16,240,3,4,3,6,,US,5,2,15,17,3,1,3,3,,,,,,
MTurk2,281,5.25,4.46,29,5.4,,7,Female,53,5.4,138,0.8,4,1,4,4,,4,USA,2,12,13,13,2,1,3,3,,,,,,
MTurk2,282,5.75,4.42,63,4.7,,9,Male,64,7.5,146.25,5.5,116.25,1,6,4,5,,USA,4,1,17,17,3,1,2,1,,,,,,
MTurk2,283,4.5,3.42,14,3,,7,Female,27,15.4,156,14,144,1,4,4,,2,USA,2,9,17,17,3,1,3,4,,,,,,
MTurk2,284,6,4.81,31,2.8,,7,Female,46,22.75,785,7.5,277.5,3.5,4,3,,4,United States,4,3,15,16,3,1,5,4,,,,,,
MTurk2,285,5.25,4.5,35,5.6,,8,Male,35,14.2,122,6,58,4.75,5,5,6,,USA,4,2,15,15,3,1,3,3,,,,,,
MTurk2,286,5.75,5.35,38,5.6,,6,Female,34,16,420,2,60,1.25,4,6,,6,USA,3,2,16,17,3,1,5,3,,,,,,
MTurk2,287,5.25,4.35,64,3.9,,7,Male,37,19.2,792,10.8,348,1,3,4,4,,United States,3,2,14,15,3,1,3,2,,,,,,
MTurk2,288,4.75,4.35,42,4.5,,6,Male,23,25.67,1220,5.33,80,1,5,4,4,,USA,4,9,14,14,3,2,,,,,,,,
MTurk2,289,4,3.92,40,4,,7,Male,18,21.6,186,15.4,130,1.75,5,4,4,,United States,2,12,13,13,3,2,,,,,,,,
MTurk2,291,2,3.62,40,3.4,,8,Female,21,26.2,409,15.6,245,6.5,4,6,,6,United states,4,4,13,14,2,1,2,4,,,,,,
MTurk2,292,4.75,4.04,50,5.9,,7,Male,33,22.8,756,15.6,510,1.5,6,4,3,,USA,2,5,14,14,3,2,,,,,,,,
MTurk2,293,1,1.81,28,5.7,,8,Male,24,13.33,553.33,6,233.33,1.5,2,4,2,,USA,4,5,13,13,2,2,,,,,,,,
MTurk2,294,5.25,4.96,30,5.6,,8,Female,24,5.6,41,7,53,4.75,4,4,,4,United States,3,1,15,16,3,1,5,4,,,,,,
MTurk2,295,3,3.35,26,3.7,,8,Male,21,9.4,270,3.4,162,2.25,5,4,3,,United States of America,2,12,13,15,3,2,,,,,,,,
MTurk2,296,6.75,5.81,19,4.6,,5,Female,23,26.6,264,14.4,144,1,6,4,,7,USA,3,2,15,16,3,1,2,4,,,,,,
MTurk2,297,4,2.12,23,5.8,,8,Male,20,15.4,470,10.8,464,1,3,2,4,,United States,2,2,14,16,1,1,2,4,,,,,,
MTurk2,298,5.75,5.35,43,5.4,,4,Male,22,29.8,284,20.2,188,5.5,5,4,6,,America,4,1,13,13,3,3,,,,,,,,
MTurk2,299,4.75,4.12,16,3.6,,6,Female,42,12.4,408,8.8,288,4,6,6,,3,US,4,5,13,13,3,2,,,,,,,,
MTurk2,300,3.5,3.77,41,4.1,,10,Female,35,29.5,450,16,240,1,4,6,,6,United States,2,6,14,14,3,1,6,6,,,,,,
MTurk2,301,4,3.12,42,3,,5,Male,23,16.75,890,8.75,245,1,4,5,2,,United States,2,12,13,13,2,2,,,,,,,,
MTurk2,302,5,3.88,45,3.5,,5,Male,45,21.75,146.25,0,0,1,5,5,4,,USA,4,1,17,17,3,1,6,5,,,,,,
MTurk2,303,3.75,2.81,53,5.8,,8,Male,36,10.4,1200,21,1140,1,4,6,4,,united states,3,2,15,15,3,2,,,,,,,,
MTurk2,304,5,2.81,41,3.2,,8,Male,26,17.67,650,9,330,1,7,1,4,,USA,2,7,14,15,2,1,5,4,,,,,,
MTurk2,305,5.75,5.19,21,2.9,,6,Female,29,4.67,36.67,3.33,30,1,4,4,,4,US,5,1,15,16,3,1,2,5,,,,,,
MTurk2,306,3.75,3.69,50,5.2,,9,Male,28,17,1080,9,468,1,4,5,4,,United States of America,4,4,13,13,3,2,,,,,,,,
MTurk2,307,3.5,3.73,12,3.6,,5,Female,55,6.8,182,3.6,80,1,4,6,,2,USA,2,4,13,13,3,1,7,3,,,,,,
MTurk2,308,4.25,3.65,48,3.1,,5,Male,24,20,224,10,129,1,5,2,2,,USA,2,9,14,14,3,2,,,,,,,,
MTurk2,309,6.75,5.96,17,4,,6,Female,29,21,264,12.6,204,7,4,4,,4,USA,4,1,14,14,3,1,2,4,,,,,,
MTurk2,310,4,4,29,3.1,,7,Female,36,10.5,90,7,60,1,4,4,,4,USA,2,4,13,13,3,1,5,5,,,,,,
MTurk2,311,5.75,5.38,11,5.6,,8,Female,50,7,294,1.4,84,1,3,6,,2,USA,5,2,16,16,3,1,7,2,,,,,,
MTurk2,312,6.25,5.23,26,6.3,,8,Female,32,30.33,560,17.33,320,2.75,5,4,,4,United States of America,4,5,13,14,3,1,2,4,,,,,,
MTurk2,313,2.25,2.31,38,4.8,,10,Female,22,8.33,116.67,3.33,26.67,1.5,4,5,,6,USA,2,12,13,14,3,2,,,,,,,,
MTurk2,314,4,3.69,44,5.2,,7,Male,26,15.8,396,11.8,309,2.25,4,5,5,,USA,4,14,14,14,3,2,,,,,,,,
MTurk2,315,4,3.65,34,2.6,,7,Male,27,19.4,666,13.6,414,1,6,4,5,,United States of America,3,9,14,14,3,2,,,,,,,,
MTurk2,317,6,4.54,62,6.9,,7,Male,34,20,600,12,360,1,5,3,5,,USA,4,14,15,15,3,1,6,4,,,,,,
MTurk2,318,3.5,2.69,50,3.8,,6,Male,18,24.5,525,14,300,1,4,1,2,,USA,2,4,13,14,3,2,,,,,,,,
MTurk2,319,4.75,5.31,57,3.7,,8,Male,29,17.4,880,10.6,640,4.75,4,7,4,,usa,2,12,13,13,3,4,3,2,,,,,,
MTurk2,320,3.25,4.04,30,5.1,,6,Female,25,13.8,188,5.8,56,1,3,5,,5,United States,2,4,14,14,2,1,3,7,,,,,,
MTurk2,321,2.25,3.19,51,5.6,,9,Male,20,11.33,160,6,86.67,1,4,3,5,,USA,2,4,13,13,2,2,,,,,,,,
MTurk2,322,4.5,3.69,26,4.5,,5,Female,26,9.6,528,17.2,888,5.25,4,5,,5,united states,3,12,13,14,2,1,2,2,,,,,,
MTurk2,323,4,2.96,11,4.5,,6,Female,24,12,60,10,50,1,6,7,,1,United States,4,12,13,15,3,2,,,,,,,,
MTurk2,324,5,3.77,36,3.2,,8,Female,30,8.6,192,10.4,252,1,5,5,,2,USA,4,5,14,14,3,1,3,4,,,,,,
MTurk2,325,5,4.19,61,5.3,,6,Male,23,25.4,274,21.2,339.2,2,3,1,1,,USA,4,9,14,16,3,2,,,,,,,,
MTurk2,326,5.75,5.35,11,5.3,,6,Female,30,15.75,11,8.75,5.5,2,6,6,,7,u.s,2,2,14,14,3,1,6,5,,,,,,
MTurk2,327,4.75,2.73,20,3,,10,Female,32,32.5,435,24,330,1,2,2,,4,USA,4,12,13,13,3,1,5,6,,,,,,
MTurk2,328,1.75,2.96,49,5.5,,10,Male,52,6.6,78,5,66,2,4,5,5,,usa,5,2,15,15,3,3,,,,,,,,
MTurk2,329,5,3.54,43,3.4,,8,Male,29,16.2,246,11,158,1,6,5,3,,USA,5,2,14,15,3,1,5,3,,,,,,
MTurk2,330,2,2.69,31,4.7,,7,Male,54,30,456,17,258,1,5,5,5,,United States,4,13,14,14,3,1,7,5,,,,,,
MTurk2,331,6.25,4.96,40,3.8,,6,Male,25,26.6,700,16.2,460,5,4,2,4,,United States,5,2,16,16,1,2,,,,,,,,
MTurk2,332,4.75,4.23,36,6,,6,Female,31,6,60,8.5,105,2,4,5,,4,US,4,4,13,14,3,1,6,3,,,,,,
MTurk2,333,5.5,3.69,16,3.4,,8,Male,45,6,90,2.5,15,3,6,5,5,,USA,4,12,13,13,3,2,,,,,,,,
MTurk2,334,5.75,5.04,67,4.2,,9,Male,28,16.4,553,14.8,536,1,3,4,5,,United States,4,1,14,15,3,2,,,,,,,,
MTurk2,336,7,3.77,11,2.1,,5,Female,28,16,240,8,120,7,5,6,,4,us,4,5,14,14,3,1,3,6,,,,,,
MTurk2,337,5,4,27,4.1,,8,Female,29,42.33,800,25.33,480,1,4,4,,4,USA,5,2,14,14,3,1,2,5,,,,,,
MTurk2,338,4,4,45,3,,2,Male,50,16,232,3.2,46,4,4,4,4,,USA,4,9,15,15,3,2,,,,,,,,
MTurk2,339,5.5,4.58,45,4.2,,6,Male,32,20.8,2238,8.6,1080,3.75,5,5,4,,USA,2,12,13,13,3,1,5,3,,,,,,
MTurk2,340,5.75,5,56,5.9,,6,Male,38,5.5,75,5.5,75,1,4,5,4,,USA,4,3,16,16,3,1,5,2,,,,,,
MTurk2,341,5.25,4.65,48,3,,7,Male,23,17.8,252,5.4,45,1.5,6,2,4,,usa,4,2,16,17,3,2,,,,,,,,
MTurk2,342,5,4.12,30,3.4,,9,Female,24,9.6,46,5.6,32,1.5,4,3,,4,usa,4,2,14,15,3,1,3,5,,,,,,
MTurk2,343,2,3.12,38,4.7,,6,Male,22,13.2,136,10.8,100,1,4,4,4,,United States,2,12,13,13,3,2,,,,,,,,
MTurk2,344,6.75,5.88,26,5.2,,8,Female,29,23.6,690,18.4,480,3.75,5,4,,5,United States,3,5,13,14,2,1,5,3,,,,,,
MTurk2,345,5.25,4.12,58,5.7,,8,Male,23,21.6,216,14.8,157,1.25,4,4,3,,United States,4,5,13,14,3,4,1,3,,,,,,
MTurk2,347,4.5,3.54,22,5.5,,8,Male,30,24.25,570,17,390,1.5,6,5,3,,United States,4,1,14,15,3,1,5,4,,,,,,
MTurk2,348,4.5,3.5,14,2.4,,3,Male,31,33.4,832,20,496,1,4,4,4,,USA,2,12,13,13,3,1,1,2,,,,,,
MTurk2,349,6.25,4.92,46,5.4,,8,Female,45,6.6,168.33,9,143.33,1,4,3,,4,USA,5,12,13,13,3,1,7,6,,,,,,
MTurk2,350,3.5,2.46,21,2.1,,8,Male,25,31.5,3800,24.5,3000,1,6,2,3,,United States,2,12,13,13,3,2,,,,,,,,
MTurk2,351,5,4.35,47,5.9,,8,Female,25,21.8,502,16.4,412,4.5,6,4,,5,USA,4,2,13,16,2,1,1,3,,,,,,
MTurk2,352,6,3.73,35,5,,8,Male,50,3,86.25,3.25,82.5,1,4,5,4,,usa,5,1,17,17,3,1,6,3,,,,,,
MTurk2,353,5.25,4.35,42,3.5,,8,Male,27,8.8,82,6.2,62,1,4,4,4,,United States,4,2,15,15,3,2,,,,,,,,
MTurk2,354,5.5,4.19,56,3.4,,9,Male,46,19.8,892,9.6,442,3.5,5,5,5,,usa,4,1,16,16,1,1,3,2,,,,,,
MTurk2,355,2.75,3.23,60,4.6,,5,Male,26,20.6,834,14.6,562,3,5,7,5,,USA,2,12,13,13,3,2,,,,,,,,
MTurk2,356,2,3.08,20,4.6,,7,Female,20,14.75,132.5,15.25,235,1.5,4,7,,1,USA,2,12,13,13,2,2,,,,,,,,
MTurk2,357,6.25,4.81,39,7.4,,6,Male,23,40.25,3150,22.25,1725,1,5,4,6,,USA,2,4,14,16,3,1,2,4,,,,,,
MTurk2,358,5.5,4.38,45,4.5,,9,Male,33,17.6,696,13.2,504,1,5,5,6,,United States,4,4,14,15,3,2,,,,,,,,
MTurk2,359,5.5,4.42,40,2.7,,3,Male,21,15.8,26,6,5.4,4,4,4,5,,USA,2,12,14,14,3,2,,,,,,,,
MTurk2,360,5,3.85,14,3.6,,4,Female,22,24.8,283,17.6,196,2.75,4,4,,5,US,4,2,13,15,3,1,3,4,,,,,,
MTurk2,361,5.25,4.31,27,3.1,,5,Male,27,30,450,20,300,1,3,4,6,,USA,4,2,13,15,3,2,,,,,,,,
MTurk2,362,6,4.12,53,4.8,,6,Male,23,17.8,620,10.8,448,1.5,4,3,4,,USA,4,2,15,15,3,1,3,3,,,,,,
MTurk2,363,1.75,1.54,57,3.5,,9,Male,29,13,920,12,1040,1,5,5,2,,USA,3,5,14,14,3,2,,,,,,,,
MTurk2,364,6.25,4.58,28,5.4,,8,Male,22,18.2,576,6.8,216,1,5,3,6,,USA,4,2,15,17,3,1,2,4,,,,,,
MTurk2,365,5,3.5,35,3.3,,7,Female,27,7.67,56.67,7.67,56.67,1.25,4,3,,5,USA,4,1,14,15,2,1,3,5,,,,,,
MTurk2,366,5.75,4.19,63,2.7,,10,Male,31,25,720,12.4,372,1,4,7,5,,USA,4,2,14,14,3,1,5,4,,,,,,
MTurk2,367,5,4.27,16,3.7,,8,Male,26,12.2,264,7.2,144,1,2,2,5,,USA,5,2,14,16,3,2,,,,,,,,
MTurk2,368,6,5.62,47,3.4,,6,Female,26,19.6,1024,11.2,572,7,2,4,,4,USA,2,4,14,14,3,1,5,4,,,,,,
MTurk2,369,3.5,5.46,39,4,,6,Female,31,7,98,4.2,38,1,5,7,,2,USA,2,12,13,13,3,1,6,4,,,,,,
MTurk2,370,5.25,2.81,38,4.7,,8,Female,27,12.75,660,10.25,540,5.25,2,3,,5,USA,4,5,13,13,3,1,1,4,,,,,,
MTurk2,371,5,5.04,46,4.1,,7,Female,27,22.25,367.5,14.75,243.75,3.25,4,4,,4,USA,4,4,15,15,3,1,3,5,,,,,,
MTurk2,372,6.5,5.54,53,5.5,,6,Male,21,13.6,680,17,546.67,6,6,4,6,,USA,4,4,15,17,3,2,,,,,,,,
MTurk2,373,4.5,5.12,31,4.8,,8,Female,20,13,230,11.25,215,1.5,5,3,,4,USA,2,1,13,16,3,2,,,,,,,,
MTurk2,374,5,3.54,41,1.6,,8,Female,37,5.2,183,5.2,183,1,2,2,,5,United States,4,3,14,15,2,1,3,4,,,,,,
MTurk2,375,5,4.04,37,4.4,,5,Male,23,5.8,630,15.4,1701,4,4,4,4,,Oregon,2,12,13,17,3,2,,,,,,,,
MTurk2,376,5,3.27,54,3.4,,7,Male,33,21,696,7,232,2,3,5,4,,USA,2,12,14,14,3,1,5,4,,,,,,
MTurk2,377,5.25,4.58,38,5.2,,7,Male,30,30.2,552,19,345,5.25,4,4,4,,USA,4,3,15,16,3,4,2,4,,,,,,
MTurk2,378,5.75,4.88,43,6.1,,7,Male,31,33.6,1720,19.8,1000,2.75,4,5,5,,US,2,1,14,15,3,1,2,4,,,,,,
MTurk2,379,5,4.08,37,2.7,,8,Male,25,21.6,720,17.8,522,1,4,4,4,,USA,2,2,14,15,3,2,,,,,,,,
MTurk2,380,3.25,3.15,28,3.3,,6,Male,40,16.8,1116,10,768,1,5,2,4,,usa,2,12,13,13,3,1,5,3,,,,,,
MTurk2,381,3,2.92,37,5,,8,Male,21,9.2,184,6.8,152,1,4,4,3,,USA,2,9,13,13,3,2,,,,,,,,
MTurk2,382,4,4.23,47,3.6,,7,Male,26,17.33,119.33,16,109.33,5,4,4,4,,US,4,4,14,14,2,2,,,,,,,,
MTurk2,383,4.75,4.96,71,5.4,,8,Male,29,14.8,1158,15.6,1176,1,6,5,7,,USA,4,9,14,14,3,2,,,,,,,,
MTurk2,384,2.25,2.88,41,3.6,,8,Female,23,31.2,1716,14.6,276,1,3,4,,5,United States of America,2,12,13,13,2,2,,,,,,,,
MTurk2,385,5,3.38,11,4.6,,7,Female,21,20.6,193,15,135,3.25,4,4,,4,USA,2,4,13,14,3,1,3,5,,,,,,
MTurk2,386,1.25,1.73,39,2.5,,10,Male,28,18,410,10,260,1,3,7,4,,East Millinocket,2,12,13,13,3,2,,,,,,,,
MTurk2,387,5,4.15,31,4.2,,7,Female,23,20,247.5,11.75,155,1.5,3,4,,4,United States,4,2,15,15,3,1,5,4,,,,,,
MTurk2,389,5.25,4.23,23,3.6,,7,Female,40,24.2,636,13.4,366,1,4,5,,3,USA,4,9,13,13,1,4,2,3,,,,,,
MTurk2,390,5,3.38,13,2.8,,6,Female,26,17.6,10.8,11.2,7.4,1,4,4,,4,USA,2,12,14,14,3,1,5,4,,,,,,
MTurk2,392,5.25,4.23,41,3.7,,7,Female,55,5.4,161,3.6,136,1.25,4,4,,5,usa,3,12,17,16,3,1,7,2,,,,,,
MTurk2,393,5,4.88,47,4.9,,4,Male,18,16.8,468,10.8,300,3.25,4,3,5,,United States,3,12,14,15,3,2,,,,,,,,
MTurk2,394,2,2.73,37,6,,7,Male,18,31.2,612,20.8,408,1,5,6,4,,USA,2,12,14,14,3,2,,,,,,,,
MTurk2,395,5.5,4.15,43,3.1,,9,Female,38,6,135,2,60,1,3,4,,3,US,3,1,14,14,2,1,3,3,,,,,,
MTurk2,396,6.75,2.81,58,3,,7,Female,26,3.6,92,2.2,44,2,5,2,,6,US,4,4,13,17,3,1,3,5,,,,,,
MTurk2,397,5,3.42,23,4.5,,9,Female,33,20.75,12.25,10.25,6.25,1,5,4,,4,United States,5,2,13,15,3,1,3,4,,,,,,
MTurk2,398,4.75,3.88,25,4.5,,7,Male,28,6,360,2,90,1.25,4,3,5,,United States,4,1,14,14,3,2,,,,,,,,
MTurk2,399,6.5,4.96,32,4.6,,8,Male,29,23.6,296,13.8,178,7,5,4,6,,United States,4,2,14,15,3,1,3,3,,,,,,
MTurk2,400,6,5.58,77,6.6,,8,Male,21,36,1100,24,720,1,6,4,7,,USA,2,3,13,17,3,2,,,,,,,,
MTurk2,401,4.75,4.54,44,4.4,,4,Male,28,20,925,13.5,675,4.25,3,3,3,,United States,2,12,15,15,3,1,2,2,,,,,,
MTurk2,402,5.25,4.62,21,5.6,,8,Male,22,19.6,36.8,15.2,28,2,4,4,5,,United States,4,3,14,14,3,1,3,4,,,,,,
MTurk2,403,4.75,4.46,57,3.1,,9,Male,24,23,3480,11.6,1820,1,3,4,5,,United States,2,4,13,15,2,1,1,2,,,,,,
MTurk2,404,6.5,6.23,60,1.9,,7,Male,26,31.8,1360,20,840,6,4,4,4,,USA,2,9,13,13,3,1,3,4,,,,,,
MTurk2,405,1.75,2.15,9,5.8,,10,Female,27,12.4,93.8,11.2,63.4,1,3,3,,3,USA,2,5,13,13,2,2,,,,,,,,
MTurk2,406,2.75,2.69,69,3.1,,6,Male,32,5.33,41.67,2.67,25,2.75,3,1,2,,usa,4,3,13,13,3,1,5,5,,,,,,
MTurk2,407,4.75,4.58,33,4,,7,Female,26,33.25,580,11.75,195,4,5,4,,4,USA,4,1,14,14,3,2,,,,,,,,
MTurk2,408,2.5,2.5,27,3.4,,8,Female,47,9,92,8,76,1,5,7,,7,USA,2,5,13,13,3,2,,,,,,,,
MTurk2,409,5,4.88,47,4.4,,9,Male,27,16.6,585,10.4,360,2,3,4,3,,USA,4,1,14,14,3,2,,,,,,,,
MTurk2,410,4.5,3.69,26,4.2,,7,Female,33,7.8,83,7.75,75,1,5,6,,2,USA,5,1,13,15,3,1,3,3,,,,,,
MTurk2,411,4.25,3.58,43,5.7,,9,Male,37,25.6,957,4.6,29,1,4,3,3,,USA,4,3,13,14,3,3,,,,,,,,
MTurk2,412,1.5,2.5,46,4.4,,8,Male,26,19,1032,18.8,972,2.25,6,6,5,,USA,2,12,13,14,3,2,,,,,,,,
MTurk2,413,3.5,4.08,70,3.5,,8,Male,21,16.8,250,13.6,200,1,5,4,4,,USA,2,4,13,13,3,2,,,,,,,,
MTurk2,414,3.75,3.5,48,6.1,,7,Male,54,28,2205,15.5,1245,1,1,5,7,,US,3,3,14,14,3,1,7,5,,,,,,
MTurk2,415,5.25,4.08,37,3.9,,5,Female,24,12.2,209,9.2,145,1.75,4,6,,2,usa,4,2,14,15,3,1,3,4,,,,,,
MTurk2,416,4.5,3.92,28,3.2,,8,Female,31,11.6,42,3.6,18,1,5,5,,3,USA,2,5,13,13,3,1,3,5,,,,,,
MTurk2,418,5.5,5.46,60,4,,7,Female,34,7,90,14,210,1.75,1,5,,3,USA,5,9,14,15,3,1,3,5,,,,,,
MTurk2,419,6,4.27,32,4.6,,9,Female,31,25.4,288,18.8,204,3.25,1,3,,6,UNITED STATES,5,2,15,16,3,1,5,4,,,,,,
MTurk2,420,3.25,3.19,42,5.2,,10,Male,30,8.25,372.5,1.5,90,1,4,2,2,,United States,4,1,14,15,3,3,,,,,,,,
MTurk2,421,3.75,3.92,24,2.8,,9,Female,25,23.8,564,18.2,432,1,5,6,,6,USA,4,5,14,14,3,3,,,,,,,,
MTurk2,422,1.25,1.38,23,2.7,,7,Female,22,5.4,216,6.2,228,1,4,5,,3,United States,2,4,13,13,2,4,3,5,,,,,,
MTurk2,423,7,4.85,12,6.8,,7,Female,23,3.4,1.25,7,2.5,1,5,3,,6,usa,3,12,16,17,3,1,3,6,,,,,,
MTurk2,424,6.25,4.81,41,3.3,,7,Female,32,23.8,330,15.4,204,4,4,4,,5,USA,5,2,15,15,3,1,1,3,,,,,,
MTurk2,425,6.75,3.88,55,4,,6,Male,22,16.2,317.5,8.8,162.5,1,6,2,4,,United States,2,2,14,17,3,1,3,3,,,,,,
MTurk2,426,4.75,3.85,46,4.3,,7,Male,40,33.6,840,13.2,348,1,4,5,5,,USA,2,13,15,15,3,1,3,5,,,,,,
MTurk2,427,4,4.77,36,5.1,,3,Male,23,11,440,5.5,220,6,6,6,3,,USA,4,4,14,15,3,3,,,,,,,,
MTurk2,428,3.25,3.31,35,3.5,,6,Male,25,7.67,300,4.33,180,3.25,2,4,3,,United States,4,2,16,16,3,1,3,4,,,,,,
MTurk2,429,5.25,4.54,46,4.5,,9,Male,24,2.4,300,2.4,300,1,5,4,6,,USA,4,2,14,14,1,2,,,,,,,,
MTurk2,430,6,5.23,75,6,,7,Male,19,18.33,200,12,130,2,5,5,6,,United States,2,12,14,14,3,2,,,,,,,,
MTurk2,431,4.75,4.35,18,2.1,,2,Female,21,22.4,795,12.6,366,3.75,4,3,,4,usa,3,8,13,13,3,1,3,5,,,,,,
MTurk2,432,4.75,4.42,62,5.6,,9,Male,24,28.67,306.67,18.33,191.67,1,6,5,6,,United States,4,12,13,14,3,2,,,,,,,,
MTurk2,433,6,5.08,42,4.1,,6,Male,53,25.2,1890,13.4,1020,2,5,6,6,,USA,2,12,16,16,3,1,7,4,,,,,,
MTurk2,435,2.25,4,51,3.4,,7,Male,43,6,97.5,3,37.5,1,4,5,5,,USA,2,4,13,14,3,3,,,,,,,,
MTurk2,436,4,3.15,59,2.5,,10,Male,29,31.8,4380,22.4,3080,1.75,5,4,4,,United States of America,4,9,14,14,3,2,,,,,,,,
MTurk2,437,5.75,4,30,4.6,,6,Male,34,22.67,460,16.33,360,1,5,5,4,,United States,3,12,16,16,3,1,5,3,,,,,,
MTurk2,438,5,4.15,19,6.3,,9,Male,29,11,243.33,10,200,1,6,7,4,,United States,4,2,17,17,3,1,6,4,,,,,,
MTurk2,439,6,5.38,41,5.7,,7,Male,22,17.6,846,12,570,1,5,4,4,,USA,4,12,13,13,3,4,2,3,,,,,,
MTurk2,440,4.5,4.27,20,7,,8,Male,29,25.2,1296,15.6,792,1,5,3,7,,US,3,11,13,13,3,4,1,3,,,,,,
MTurk2,441,5,5.15,55,6.8,,8,Male,28,16,864,6.2,276,1,4,4,5,,United States,4,1,15,17,2,1,2,3,,,,,,
MTurk2,442,4.5,4.15,34,4.9,,9,Female,37,13,220,0,0,1,4,5,,5,USA,4,4,13,13,3,1,5,3,,,,,,
MTurk2,443,4,3.81,34,3,,7,Male,21,25,300,16.25,187.5,3,4,4,4,,USA,2,2,13,13,3,2,,,,,,,,
MTurk2,444,4.5,4.38,37,3.9,,9,Male,24,18.6,1064,10.4,688,1,3,4,4,,usa,4,4,13,13,3,2,,,,,,,,
MTurk2,445,6.25,5.62,54,5.1,,7,Female,19,33,2280,24,1680,3.5,4,4,,6,USA,2,12,17,17,3,2,,,,,,,,
MTurk2,446,4.75,2.77,17,3,,7,Male,26,25.5,855,15.75,510,1,2,4,1,,USA,2,2,14,15,3,1,3,6,,,,,,
MTurk2,447,3.75,3.77,51,4.3,,7,Male,31,11.2,252,8.2,216,1,3,2,6,,USA,2,4,13,13,1,1,3,5,,,,,,
MTurk2,448,6.25,4.92,13,4.4,,6,Male,27,16.6,708,11.6,560,1,3,4,5,,USA,5,12,15,15,3,2,,,,,,,,
MTurk2,449,3.75,2.92,50,5.7,,6,Male,36,27.33,485,18.33,345,1,4,5,5,,USA,4,2,17,17,3,1,5,6,,,,,,
MTurk2,450,6,4.73,39,4.5,,10,Male,26,13.2,204,11.6,216,1,4,4,6,,USA,4,2,14,15,3,1,5,4,,,,,,
MTurk2,452,7,7,19,7,,6,Male,27,16,188,12.4,148,4,6,4,4,,United States,4,1,15,15,2,1,3,4,,,,,,
MTurk2,453,5.5,4.81,59,4.1,,8,Male,44,5.8,78,5.2,66,6.25,4,5,4,,USA,5,2,16,16,3,1,5,4,,,,,,
MTurk2,454,5,3.62,14,3.8,,9,Female,27,11.2,850,3.6,350,1,4,5,,4,USA,2,12,14,14,3,1,2,2,,,,,,
MTurk2,455,4.5,4.42,46,3.3,,9,Male,24,22,810,14,510,1,2,4,4,,United States of America,2,11,13,13,3,2,,,,,,,,
MTurk2,456,5.75,5.08,44,4.6,,8,Female,37,29.4,53.4,12.2,17.2,3,2,2,,4,usa,3,2,14,14,3,2,,,,,,,,
MTurk2,457,5,3.77,40,3.8,,10,Female,35,5,90,1.5,30,2.5,3,3,,5,United States,4,2,13,13,3,2,,,,,,,,
MTurk2,458,4,2.65,37,2.9,,7,Female,56,22,564,13.2,336,2.5,4,5,,4,USA,3,12,13,13,1,2,,,,,,,,
MTurk2,459,6,4.65,52,3.6,,6,Male,27,9.2,200,7.4,127,1,5,5,6,,United States.,2,4,14,15,3,1,3,4,,,,,,
MTurk2,460,5.25,4.54,38,4.4,,10,Male,22,21.8,570,14,372,1,5,5,5,,United States,4,2,14,16,3,1,2,3,,,,,,
MTurk2,461,6,5.62,52,4.9,,9,Male,33,24.75,925,15.25,575,2.75,2,4,6,,United States,4,7,15,15,3,1,3,2,,,,,,
MTurk2,462,2.5,3.08,47,4.4,,7,Male,23,15,760,10.5,560,4.75,5,4,4,,usa,4,5,14,15,3,2,,,,,,,,
MTurk2,463,4.75,5.04,45,3.5,,7,Male,21,35,228,25.2,168,1,2,4,5,,United States,4,11,13,17,3,2,,,,,,,,
MTurk2,464,5.5,3.5,52,4.3,,8,Male,27,20.8,348.75,14.4,243.75,1.5,6,6,6,,USA,3,9,13,14,2,1,1,2,,,,,,
MTurk2,465,5,4.04,32,5.8,,5,Male,37,20.6,291,5.2,55,1,4,4,4,,usa,3,9,14,14,3,2,,,,,,,,
MTurk2,466,6,5.12,25,6.4,,6,Female,37,14.8,260,14.67,160,1,2,4,,4,united states,4,3,15,15,1,1,6,3,,,,,,
MTurk2,467,3.5,2.69,45,4.9,,4,Male,21,21.67,1200,14.33,860,4,5,6,2,,US,2,12,14,14,3,2,,,,,,,,
MTurk2,468,5,4.15,38,3.8,,5,Male,23,5.4,104,5,98,1,4,3,5,,United States,4,4,14,15,3,2,,,,,,,,
MTurk2,469,4.75,4.5,15,5.6,,7,Male,32,31.2,1440,20,936,1,5,6,6,,United States,3,7,14,14,3,1,5,3,,,,,,
MTurk2,470,6,5.15,61,3.4,,8,Male,25,8.4,318,11.6,480,1,6,3,4,,usa,4,1,14,15,3,1,5,4,,,,,,
MTurk2,471,5.5,3.27,24,3.3,,10,Female,22,16.4,370,16,400,1.75,5,4,,4,United States,4,12,13,14,3,2,,,,,,,,
MTurk2,472,6,5.35,37,4.4,,8,Male,28,23,258,13.6,156,1,4,4,5,,USA,4,2,15,15,3,1,3,4,,,,,,
MTurk2,473,4,2.96,20,3.3,,7,Male,29,30.5,877.5,14,270,1,3,4,2,,USA,4,9,14,14,3,2,,,,,,,,
MTurk2,474,4.5,3.54,46,3.1,,7,Male,26,19.67,178.33,19,203.33,3.5,4,5,5,,united states,3,3,14,15,3,2,,,,,,,,
MTurk2,475,4.75,3.85,37,4.4,,8,Male,25,33.6,576,22.4,384,1,5,4,5,,United States,4,1,13,13,3,2,,,,,,,,
MTurk2,476,1.25,2.19,38,3,,6,Male,32,33.2,1140,18.8,648,2.25,5,4,4,,USA,2,12,13,13,3,2,,,,,,,,
MTurk2,477,4.75,4.23,10,5.6,,8,Female,48,5.4,3.67,4.67,2.33,1,4,5,,4,USA,4,1,15,15,3,3,,,,,,,,
MTurk2,478,3,1.54,12,5.6,,7,Female,22,5.6,163,5,165,1,6,4,,5,usa,4,1,13,14,1,1,3,5,,,,,,
MTurk2,479,5.25,5.46,25,3.7,,8,Female,30,30.8,332,17.2,191,5.25,5,4,,4,u.s.,5,2,15,15,3,4,2,3,,,,,,
MTurk2,480,6.25,4.77,61,4.4,,10,Female,33,35,1500,21,900,4.75,5,5,,3,USA,5,1,14,16,2,1,6,6,,,,,,
MTurk2,481,5.75,5.54,48,4.2,,7,Male,18,35,2100,0,0,1,6,4,5,,USA,1,4,13,13,3,2,,,,,,,,
MTurk2,482,5.5,5.31,64,3.6,,8,Male,22,16.8,436,13,341.6,1,5,6,7,,The United States of America,4,12,13,14,3,4,2,5,,,,,,
MTurk2,483,4,3.96,21,4.8,,7,Male,24,19.8,198,7,54,1.25,4,4,4,,United States of America,4,5,14,14,3,1,3,3,,,,,,
MTurk2,484,1.75,2.69,27,3.9,,9,Male,37,19,612,7.8,336,1,4,5,5,,USA,4,2,14,15,3,3,,,,,,,,
MTurk2,485,5,4.31,28,3.6,,10,Female,34,9,147,2.6,48,1,5,4,,4,United States,5,5,14,15,3,1,1,4,,,,,,
MTurk2,486,5.5,4.88,50,5.9,,5,Female,51,24.5,10.5,14,6,3.5,2,6,,2,USA,2,12,13,14,3,1,3,3,,,,,,
MTurk2,487,4.5,3.5,36,5.8,,6,Female,21,19,376,14.8,254,2.5,4,5,,2,United States,3,12,13,13,2,2,,,,,,,,
MTurk2,488,5,4.65,40,5.6,,8,Female,40,27.2,341,16.2,213,1,3,5,,5,USA,4,4,14,14,3,1,6,5,,,,,,
MTurk2,489,5,4.27,18,5,,7,Female,28,24,517,16.4,326.4,4,6,5,,5,United States,3,3,14,14,3,1,2,5,,,,,,
MTurk2,490,2.75,3,28,6.6,,7,Male,30,8.8,37,6.4,31,2,5,5,4,,United States,4,12,13,14,3,2,,,,,,,,
MTurk2,491,6,5.12,69,4.6,,6,Male,44,5.75,61.25,7.75,106.25,1,6,6,7,,US,4,9,14,14,3,2,,,,,,,,
MTurk2,492,4,3.85,55,5.1,,9,Male,43,23,264,15,171,1.5,3,4,5,,usa,4,5,14,14,3,4,1,1,,,,,,
